package,lead_minutes,threshold,arm,task,absolute_score,relative_vs_frequency_pct,windows,positive_events
np025,15,0.15,power,state,0.5903747355724167,18.53390300797662,6996,3495
np025,15,0.15,power,downward_timing,0.14907767506479502,,6996,3495
np025,15,0.15,weather,state,0.653892756782021,9.769020358339091,6996,3495
np025,15,0.15,weather,downward_timing,0.16704068249308562,,6996,3495
np025,15,0.15,joint,state,0.5711114291845976,21.19205602845702,6996,3495
np025,15,0.15,joint,downward_timing,0.14607145413145947,,6996,3495
np025,15,0.2,power,state,0.575611854647216,16.83810648151162,6996,2653
np025,15,0.2,power,downward_timing,0.154843951975543,,6996,2653
np025,15,0.2,weather,state,0.6230270811592974,9.987761085533954,6996,2653
np025,15,0.2,weather,downward_timing,0.17093569327677635,,6996,2653
np025,15,0.2,joint,state,0.5615382004618155,18.871406736419715,6996,2653
np025,15,0.2,joint,downward_timing,0.1535572482658362,,6996,2653
np025,15,0.25,power,state,0.516645708577256,17.42521417331361,6996,2081
np025,15,0.25,power,downward_timing,0.15695854836742246,,6996,2081
np025,15,0.25,weather,state,0.5635798571603127,9.923792593956293,6996,2081
np025,15,0.25,weather,downward_timing,0.16766693330090668,,6996,2081
np025,15,0.25,joint,state,0.5035870247938208,19.51236596552547,6996,2081
np025,15,0.25,joint,downward_timing,0.15540523686836397,,6996,2081
np025,240,0.15,power,state,0.6641763937300623,8.34121833835269,6996,3495
np025,240,0.15,power,downward_timing,0.16564886998564018,,6996,3495
np025,240,0.15,weather,state,0.6529980475085111,9.883871171744243,6996,3495
np025,240,0.15,weather,downward_timing,0.16704068249308562,,6996,3495
np025,240,0.15,joint,state,0.6345879874057541,12.424527080725902,6996,3495
np025,240,0.15,joint,downward_timing,0.16637667874423404,,6996,3495
np025,240,0.2,power,state,0.6440337500421701,6.948901406810079,6996,2653
np025,240,0.2,power,downward_timing,0.16666954805004194,,6996,2653
np025,240,0.2,weather,state,0.6234192481864582,9.927319920590985,6996,2653
np025,240,0.2,weather,downward_timing,0.17093569327677635,,6996,2653
np025,240,0.2,joint,state,0.6101653943130622,11.842259414728296,6996,2653
np025,240,0.2,joint,downward_timing,0.1825561327727493,,6996,2653
np025,240,0.25,power,state,0.570237229262845,8.858999093351677,6996,2081
np025,240,0.25,power,downward_timing,0.16609148643252128,,6996,2081
np025,240,0.25,weather,state,0.5634307944508942,9.946871384974916,6996,2081
np025,240,0.25,weather,downward_timing,0.16766693330090668,,6996,2081
np025,240,0.25,joint,state,0.5484881183105726,12.335158907719325,6996,2081
np025,240,0.25,joint,downward_timing,0.16881154081157534,,6996,2081
np025,720,0.15,power,state,0.7038475972632464,2.846820656375788,6996,3495
np025,720,0.15,power,downward_timing,0.16725997578730048,,6996,3495
np025,720,0.15,weather,state,0.6541661943504368,9.704422026329475,6996,3495
np025,720,0.15,weather,downward_timing,0.16704068249308562,,6996,3495
np025,720,0.15,joint,state,0.6559348213821037,9.460295684394614,6996,3495
np025,720,0.15,joint,downward_timing,0.16470592679272783,,6996,3495
np025,720,0.2,power,state,0.6887725529816229,0.476196367677835,6996,2653
np025,720,0.2,power,downward_timing,0.16939640822634133,,6996,2653
np025,720,0.2,weather,state,0.6224167858310834,10.064235715608392,6996,2653
np025,720,0.2,weather,downward_timing,0.17093569327677635,,6996,2653
np025,720,0.2,joint,state,0.6214292345521085,10.206931383634185,6996,2653
np025,720,0.2,joint,downward_timing,0.1682036851354772,,6996,2653
np025,720,0.25,power,state,0.6091623173493572,2.6360103875045513,6996,2081
np025,720,0.25,power,downward_timing,0.16571503119970435,,6996,2081
np025,720,0.25,weather,state,0.5634190372893216,9.947277216986604,6996,2081
np025,720,0.25,weather,downward_timing,0.16766693330090668,,6996,2081
np025,720,0.25,joint,state,0.55516784991795,11.26608584752152,6996,2081
np025,720,0.25,joint,downward_timing,0.16608664642397256,,6996,2081
np028,15,0.15,power,state,0.6162621254791054,14.079274140758073,3772,1797
np028,15,0.15,power,downward_timing,0.15073335984036507,,3772,1797
np028,15,0.15,weather,state,0.6637970408446892,7.451843599422517,3772,1797
np028,15,0.15,weather,downward_timing,0.16888629199818397,,3772,1797
np028,15,0.15,joint,state,0.5866297070935435,18.21069613050447,3772,1797
np028,15,0.15,joint,downward_timing,0.15174230573926575,,3772,1797
np028,15,0.2,power,state,0.6197388364027006,8.686823216591002,3772,1328
np028,15,0.2,power,downward_timing,0.153838793243862,,3772,1328
np028,15,0.2,weather,state,0.6773085660285317,0.20441967833555483,3772,1328
np028,15,0.2,weather,downward_timing,0.16891032741444476,,3772,1328
np028,15,0.2,joint,state,0.5836174340357096,14.009000569792157,3772,1328
np028,15,0.2,joint,downward_timing,0.15569109194273278,,3772,1328
np028,15,0.25,power,state,0.5416850386609724,11.076922636545142,3772,1034
np028,15,0.25,power,downward_timing,0.1584429096343524,,3772,1034
np028,15,0.25,weather,state,0.584661267505392,4.021940036751198,3772,1034
np028,15,0.25,weather,downward_timing,0.16593559876999175,,3772,1034
np028,15,0.25,joint,state,0.5098805599761311,16.297949463476876,3772,1034
np028,15,0.25,joint,downward_timing,0.16304671262056078,,3772,1034
np028,240,0.15,power,state,0.6978614417276252,2.6933482991972975,3772,1797
np028,240,0.15,power,downward_timing,0.16644898006515943,,3772,1797
np028,240,0.15,weather,state,0.6667542716084458,7.030791790402559,3772,1797
np028,240,0.15,weather,downward_timing,0.16912598639317117,,3772,1797
np028,240,0.15,joint,state,0.6424921121538605,10.41379786924839,3772,1797
np028,240,0.15,joint,downward_timing,0.16607791033663613,,3772,1797
np028,240,0.2,power,state,0.7006876569753192,-3.244661404569641,3772,1328
np028,240,0.2,power,downward_timing,0.16766590833909342,,3772,1328
np028,240,0.2,weather,state,0.6705897641134416,1.1901915953099051,3772,1328
np028,240,0.2,weather,downward_timing,0.16927183533193546,,3772,1328
np028,240,0.2,joint,state,0.6327752308755228,6.7620732196758,3772,1328
np028,240,0.2,joint,downward_timing,0.16818021020368554,,3772,1328
np028,240,0.25,power,state,0.6031721931351821,0.9769325701942928,3772,1034
np028,240,0.25,power,downward_timing,0.16898557221344498,,3772,1034
np028,240,0.25,weather,state,0.5816624747530232,4.5081933245760615,3772,1034
np028,240,0.25,weather,downward_timing,0.1673287026975582,,3772,1034
np028,240,0.25,joint,state,0.5549174906242844,8.898930160475986,3772,1034
np028,240,0.25,joint,downward_timing,0.1713509937147795,,3772,1034
np028,720,0.15,power,state,0.7543747915993778,-5.201277142571388,3772,1797
np028,720,0.15,power,downward_timing,0.16632593694098205,,3772,1797
np028,720,0.15,weather,state,0.665654718260321,7.171173696703286,3772,1797
np028,720,0.15,weather,downward_timing,0.16869494377637115,,3772,1797
np028,720,0.15,joint,state,0.6664879244681314,7.0549789906223195,3772,1797
np028,720,0.15,joint,downward_timing,0.16796868410451976,,3772,1797
np028,720,0.2,power,state,0.7688642855689477,-13.31366949837914,3772,1328
np028,720,0.2,power,downward_timing,0.16191593155724862,,3772,1328
np028,720,0.2,weather,state,0.6757793271365491,0.40500415190488825,3772,1328
np028,720,0.2,weather,downward_timing,0.16925621003618813,,3772,1328
np028,720,0.2,joint,state,0.6725597511961523,0.8794987680322228,3772,1328
np028,720,0.2,joint,downward_timing,0.1663036990546822,,3772,1328
np028,720,0.25,power,state,0.6835572157554514,-12.218283776720314,3772,1034
np028,720,0.25,power,downward_timing,0.16203075357640756,,3772,1034
np028,720,0.25,weather,state,0.581237626900209,4.57932788390002,3772,1034
np028,720,0.25,weather,downward_timing,0.1668148010054765,,3772,1034
np028,720,0.25,joint,state,0.5875969612174896,3.5353281036344515,3772,1034
np028,720,0.25,joint,downward_timing,0.16455390010129894,,3772,1034
