package,lead_minutes,month,arm,task,metric,relative_gain_pct,windows
np025,15,2024-06,power,event,multiclass_brier,16.841140788107616,1092
np025,15,2024-06,weather,event,multiclass_brier,13.122464960566727,1092
np025,15,2024-06,joint,event,multiclass_brier,23.24140147692333,1092
np025,15,2024-06,power_added_to_weather,downward_timing,conditional_rps,9.705125756264092,300
np025,15,2024-07,power,event,multiclass_brier,16.256832300412487,2976
np025,15,2024-07,weather,event,multiclass_brier,7.2239435969025125,2976
np025,15,2024-07,joint,event,multiclass_brier,17.61045940072835,2976
np025,15,2024-07,power_added_to_weather,downward_timing,conditional_rps,10.949738363737602,1452
np025,15,2024-08,power,event,multiclass_brier,17.56826232318854,2928
np025,15,2024-08,weather,event,multiclass_brier,12.30453451064223,2928
np025,15,2024-08,joint,event,multiclass_brier,18.84024535098364,2928
np025,15,2024-08,power_added_to_weather,downward_timing,conditional_rps,6.965704946000456,901
np025,60,2024-06,power,event,multiclass_brier,12.129591563775968,1092
np025,60,2024-06,weather,event,multiclass_brier,12.939259050453156,1092
np025,60,2024-06,joint,event,multiclass_brier,19.40136435142587,1092
np025,60,2024-06,power_added_to_weather,downward_timing,conditional_rps,8.118168813631819,300
np025,60,2024-07,power,event,multiclass_brier,13.527932372973359,2976
np025,60,2024-07,weather,event,multiclass_brier,7.188068927298629,2976
np025,60,2024-07,joint,event,multiclass_brier,15.171765420388294,2976
np025,60,2024-07,power_added_to_weather,downward_timing,conditional_rps,7.0161802002428235,1452
np025,60,2024-08,power,event,multiclass_brier,13.448930339515154,2928
np025,60,2024-08,weather,event,multiclass_brier,12.296901608840308,2928
np025,60,2024-08,joint,event,multiclass_brier,15.03545923215208,2928
np025,60,2024-08,power_added_to_weather,downward_timing,conditional_rps,2.549074371046283,901
np025,120,2024-06,power,event,multiclass_brier,8.249829857948642,1092
np025,120,2024-06,weather,event,multiclass_brier,12.91000359510023,1092
np025,120,2024-06,joint,event,multiclass_brier,17.876301796589168,1092
np025,120,2024-06,power_added_to_weather,downward_timing,conditional_rps,4.339226701624636,300
np025,120,2024-07,power,event,multiclass_brier,11.444647445929187,2976
np025,120,2024-07,weather,event,multiclass_brier,7.154273900063388,2976
np025,120,2024-07,joint,event,multiclass_brier,14.33548031634795,2976
np025,120,2024-07,power_added_to_weather,downward_timing,conditional_rps,5.260398971352471,1452
np025,120,2024-08,power,event,multiclass_brier,11.607213031752272,2928
np025,120,2024-08,weather,event,multiclass_brier,12.2987623410287,2928
np025,120,2024-08,joint,event,multiclass_brier,13.161424274067876,2928
np025,120,2024-08,power_added_to_weather,downward_timing,conditional_rps,1.3744759759123257,901
np025,240,2024-06,power,event,multiclass_brier,1.9832910261867311,1092
np025,240,2024-06,weather,event,multiclass_brier,12.8445161344554,1092
np025,240,2024-06,joint,event,multiclass_brier,15.16619804602908,1092
np025,240,2024-06,power_added_to_weather,downward_timing,conditional_rps,-0.8330554362835554,300
np025,240,2024-07,power,event,multiclass_brier,6.997019957151835,2976
np025,240,2024-07,weather,event,multiclass_brier,7.158117226387617,2976
np025,240,2024-07,joint,event,multiclass_brier,10.212400531824997,2976
np025,240,2024-07,power_added_to_weather,downward_timing,conditional_rps,3.44079222420314,1452
np025,240,2024-08,power,event,multiclass_brier,8.726383928355018,2928
np025,240,2024-08,weather,event,multiclass_brier,12.33026924335885,2928
np025,240,2024-08,joint,event,multiclass_brier,12.661738686921366,2928
np025,240,2024-08,power_added_to_weather,downward_timing,conditional_rps,2.0623476079151346,901
np025,480,2024-06,power,event,multiclass_brier,1.982356581136651,1092
np025,480,2024-06,weather,event,multiclass_brier,13.128118086548712,1092
np025,480,2024-06,joint,event,multiclass_brier,12.32817075448376,1092
np025,480,2024-06,power_added_to_weather,downward_timing,conditional_rps,1.0210054538064652,300
np025,480,2024-07,power,event,multiclass_brier,0.13430954165156617,2976
np025,480,2024-07,weather,event,multiclass_brier,7.237873296180496,2976
np025,480,2024-07,joint,event,multiclass_brier,7.249111022133783,2976
np025,480,2024-07,power_added_to_weather,downward_timing,conditional_rps,2.4519942131267305,1452
np025,480,2024-08,power,event,multiclass_brier,7.361432629132776,2928
np025,480,2024-08,weather,event,multiclass_brier,12.3044632530945,2928
np025,480,2024-08,joint,event,multiclass_brier,11.965799887846506,2928
np025,480,2024-08,power_added_to_weather,downward_timing,conditional_rps,3.211621193928659,901
np025,720,2024-06,power,event,multiclass_brier,-2.691035009731128,1092
np025,720,2024-06,weather,event,multiclass_brier,13.04740166051113,1092
np025,720,2024-06,joint,event,multiclass_brier,14.341720215795212,1092
np025,720,2024-06,power_added_to_weather,downward_timing,conditional_rps,-2.3245125891624814,300
np025,720,2024-07,power,event,multiclass_brier,-3.3550857310647326,2976
np025,720,2024-07,weather,event,multiclass_brier,7.3367555476867,2976
np025,720,2024-07,joint,event,multiclass_brier,7.374544039361059,2976
np025,720,2024-07,power_added_to_weather,downward_timing,conditional_rps,1.4288586057340278,1452
np025,720,2024-08,power,event,multiclass_brier,6.463821172622145,2928
np025,720,2024-08,weather,event,multiclass_brier,12.387959759091377,2928
np025,720,2024-08,joint,event,multiclass_brier,12.236223655307615,2928
np025,720,2024-08,power_added_to_weather,downward_timing,conditional_rps,1.0753909808287885,901
np028,15,2024-07,power,event,multiclass_brier,2.5315830883371984,844
np028,15,2024-07,weather,event,multiclass_brier,-1.3322396450376863,844
np028,15,2024-07,joint,event,multiclass_brier,5.527113949782538,844
np028,15,2024-07,power_added_to_weather,downward_timing,conditional_rps,7.311651172808619,427
np028,15,2024-08,power,event,multiclass_brier,10.788025958226108,2928
np028,15,2024-08,weather,event,multiclass_brier,0.7289861803652856,2928
np028,15,2024-08,joint,event,multiclass_brier,16.904446246784516,2928
np028,15,2024-08,power_added_to_weather,downward_timing,conditional_rps,9.631319852924975,901
np028,60,2024-07,power,event,multiclass_brier,1.5162917313416755,844
np028,60,2024-07,weather,event,multiclass_brier,-1.1834375148180867,844
np028,60,2024-07,joint,event,multiclass_brier,5.3700746044603,844
np028,60,2024-07,power_added_to_weather,downward_timing,conditional_rps,2.8433563693529607,427
np028,60,2024-08,power,event,multiclass_brier,4.60364711587923,2928
np028,60,2024-08,weather,event,multiclass_brier,0.7590680837836302,2928
np028,60,2024-08,joint,event,multiclass_brier,12.112683341900992,2928
np028,60,2024-08,power_added_to_weather,downward_timing,conditional_rps,6.465354332960915,901
np028,120,2024-07,power,event,multiclass_brier,-1.4619380157802067,844
np028,120,2024-07,weather,event,multiclass_brier,-1.319439932928797,844
np028,120,2024-07,joint,event,multiclass_brier,5.784230668425954,844
np028,120,2024-07,power_added_to_weather,downward_timing,conditional_rps,0.5304164640131238,427
np028,120,2024-08,power,event,multiclass_brier,0.6977636887410429,2928
np028,120,2024-08,weather,event,multiclass_brier,1.3196832355001864,2928
np028,120,2024-08,joint,event,multiclass_brier,10.38358048112806,2928
np028,120,2024-08,power_added_to_weather,downward_timing,conditional_rps,4.8438244392519785,901
np028,240,2024-07,power,event,multiclass_brier,-4.685318780160001,844
np028,240,2024-07,weather,event,multiclass_brier,-0.7874448191403098,844
np028,240,2024-07,joint,event,multiclass_brier,2.879545439775527,844
np028,240,2024-07,power_added_to_weather,downward_timing,conditional_rps,1.2590555106436547,427
np028,240,2024-08,power,event,multiclass_brier,-2.752925680697297,2928
np028,240,2024-08,weather,event,multiclass_brier,1.8652129364650312,2928
np028,240,2024-08,joint,event,multiclass_brier,8.087286029224892,2928
np028,240,2024-08,power_added_to_weather,downward_timing,conditional_rps,0.8115496436411131,901
np028,480,2024-07,power,event,multiclass_brier,-11.481686348247662,844
np028,480,2024-07,weather,event,multiclass_brier,-1.4284268618010132,844
np028,480,2024-07,joint,event,multiclass_brier,-1.3595019815758314,844
np028,480,2024-07,power_added_to_weather,downward_timing,conditional_rps,-2.8840919882718263,427
np028,480,2024-08,power,event,multiclass_brier,-10.023433164625272,2928
np028,480,2024-08,weather,event,multiclass_brier,1.1984132352850236,2928
np028,480,2024-08,joint,event,multiclass_brier,4.7626613383324985,2928
np028,480,2024-08,power_added_to_weather,downward_timing,conditional_rps,2.7395197684456396,901
np028,720,2024-07,power,event,multiclass_brier,-12.179330033446687,844
np028,720,2024-07,weather,event,multiclass_brier,-1.5316714802969202,844
np028,720,2024-07,joint,event,multiclass_brier,1.4571473682930773,844
np028,720,2024-07,power_added_to_weather,downward_timing,conditional_rps,-0.5054815231338736,427
np028,720,2024-08,power,event,multiclass_brier,-13.700947760781244,2928
np028,720,2024-08,weather,event,multiclass_brier,1.066210428211497,2928
np028,720,2024-08,joint,event,multiclass_brier,0.6822820149314401,2928
np028,720,2024-08,power_added_to_weather,downward_timing,conditional_rps,6.470673963554511,901
