bin_low,bin_high,n,mean_pred,obs_rate,abs_gap,package,lead_minutes,arm,target
0.0,0.1,2969,0.0328403541578728,0.0868979454361738,0.054057591278300995,np025,15,power,return
0.1,0.2,1212,0.1511002287381303,0.21204620462046206,0.06094597588233175,np025,15,power,return
0.2,0.30000000000000004,1274,0.24995738746971227,0.3359497645211931,0.0859923770514808,np025,15,power,return
0.30000000000000004,0.4,1086,0.34570116899124864,0.3996316758747698,0.053930506883521134,np025,15,power,return
0.4,0.5,383,0.43412572225017443,0.5248041775456919,0.09067845529551743,np025,15,power,return
0.5,0.6000000000000001,66,0.5335114932961926,0.6212121212121212,0.08770062791592859,np025,15,power,return
0.6000000000000001,0.7000000000000001,6,0.6227923940665421,0.5,0.12279239406654208,np025,15,power,return
0.0,0.1,2470,0.031191650651467652,0.09352226720647773,0.06233061655501008,np025,15,power,downward
0.1,0.2,631,0.147112883862245,0.20443740095087162,0.057324517088626625,np025,15,power,downward
0.2,0.30000000000000004,522,0.2483235609033383,0.2471264367816092,0.0011971241217290929,np025,15,power,downward
0.30000000000000004,0.4,469,0.34926623740406465,0.31982942430703626,0.02943681309702839,np025,15,power,downward
0.4,0.5,546,0.4494393175344019,0.45787545787545786,0.008436140341055942,np025,15,power,downward
0.5,0.6000000000000001,539,0.547169628671238,0.5825602968460112,0.03539066817477321,np025,15,power,downward
0.6000000000000001,0.7000000000000001,509,0.6491914294905125,0.7033398821218074,0.054148452631294974,np025,15,power,downward
0.7000000000000001,0.8,686,0.7572694404689724,0.7740524781341108,0.016783037665138445,np025,15,power,downward
0.8,0.9,563,0.8397992541139264,0.8934280639431617,0.053628809829235236,np025,15,power,downward
0.9,1.0,61,0.9193932666197893,0.9508196721311475,0.031426405511358224,np025,15,power,downward
0.0,0.1,3027,0.045995347758017925,0.11562603237528907,0.06963068461727115,np025,15,weather,return
0.1,0.2,1488,0.14824222758579822,0.28225806451612906,0.13401583693033084,np025,15,weather,return
0.2,0.30000000000000004,1404,0.24684579288558345,0.353988603988604,0.10714281110302054,np025,15,weather,return
0.30000000000000004,0.4,779,0.34305492554372086,0.28241335044929394,0.060641575094426914,np025,15,weather,return
0.4,0.5,253,0.4429518794407033,0.48221343873517786,0.03926155929447456,np025,15,weather,return
0.5,0.6000000000000001,45,0.5212393136507222,0.28888888888888886,0.23235042476183332,np025,15,weather,return
0.0,0.1,1560,0.06137315798404782,0.12435897435897436,0.06298581637492653,np025,15,weather,downward
0.1,0.2,1042,0.14792638875449898,0.263915547024952,0.11598915827045303,np025,15,weather,downward
0.2,0.30000000000000004,976,0.24793390643261515,0.32991803278688525,0.0819841263542701,np025,15,weather,downward
0.30000000000000004,0.4,931,0.34974363429677596,0.4683136412459721,0.11857000694919612,np025,15,weather,downward
0.4,0.5,718,0.4445608532863702,0.4637883008356546,0.019227447549284404,np025,15,weather,downward
0.5,0.6000000000000001,602,0.5521904497214276,0.5697674418604651,0.017576992139037517,np025,15,weather,downward
0.6000000000000001,0.7000000000000001,661,0.6506153853199693,0.6066565809379728,0.04395880438199651,np025,15,weather,downward
0.7000000000000001,0.8,380,0.735669342531079,0.7131578947368421,0.02251144779423686,np025,15,weather,downward
0.8,0.9,123,0.8484468658201851,0.6341463414634146,0.2143005243567705,np025,15,weather,downward
0.9,1.0,3,0.9058310671460452,0.0,0.9058310671460452,np025,15,weather,downward
0.0,0.1,3069,0.03919824309000298,0.09970674486803519,0.06050850177803221,np025,15,joint,return
0.1,0.2,1387,0.15008049879838645,0.24080749819754865,0.0907269993991622,np025,15,joint,return
0.2,0.30000000000000004,1178,0.2487817277896392,0.3438030560271647,0.09502132823752552,np025,15,joint,return
0.30000000000000004,0.4,872,0.346390195613611,0.3944954128440367,0.04810521723042571,np025,15,joint,return
0.4,0.5,425,0.43467796850578744,0.4188235294117647,0.015854439094022732,np025,15,joint,return
0.5,0.6000000000000001,45,0.5360877912022706,0.8888888888888888,0.35280109768661827,np025,15,joint,return
0.6000000000000001,0.7000000000000001,20,0.6328317157619623,0.75,0.11716828423803771,np025,15,joint,return
0.0,0.1,2364,0.04022186672525128,0.094331641285956,0.054109774560704725,np025,15,joint,downward
0.1,0.2,850,0.14797994936671727,0.22823529411764706,0.0802553447509298,np025,15,joint,downward
0.2,0.30000000000000004,623,0.2496403140026932,0.29213483146067415,0.04249451745798094,np025,15,joint,downward
0.30000000000000004,0.4,573,0.34944495837893635,0.3333333333333333,0.01611162504560304,np025,15,joint,downward
0.4,0.5,518,0.4490492060682479,0.4517374517374517,0.002688245669203837,np025,15,joint,downward
0.5,0.6000000000000001,473,0.5493417800305426,0.6152219873150105,0.06588020728446797,np025,15,joint,downward
0.6000000000000001,0.7000000000000001,623,0.6476955945491906,0.7367576243980738,0.08906202984888323,np025,15,joint,downward
0.7000000000000001,0.8,546,0.7486672622399538,0.8626373626373627,0.11397010039740885,np025,15,joint,downward
0.8,0.9,357,0.8428190517989349,0.9523809523809523,0.10956190058201742,np025,15,joint,downward
0.9,1.0,69,0.9238895126129275,0.9855072463768116,0.06161773376388413,np025,15,joint,downward
0.0,0.1,2973,0.03856492041536157,0.09889001009081735,0.06032508967545579,np025,60,power,return
0.1,0.2,1204,0.14931025709203527,0.21179401993355482,0.06248376284151955,np025,60,power,return
0.2,0.30000000000000004,1435,0.25450716829541337,0.35609756097560974,0.10159039268019637,np025,60,power,return
0.30000000000000004,0.4,1171,0.337539024479478,0.3663535439795047,0.028814519500026725,np025,60,power,return
0.4,0.5,192,0.4435400660727416,0.609375,0.1658349339272584,np025,60,power,return
0.5,0.6000000000000001,21,0.5200482361830023,0.7619047619047619,0.24185652572175953,np025,60,power,return
0.0,0.1,2252,0.03847018773605516,0.11545293072824156,0.07698274299218641,np025,60,power,downward
0.1,0.2,754,0.14403453289035187,0.20557029177718833,0.06153575888683646,np025,60,power,downward
0.2,0.30000000000000004,562,0.2509819214557629,0.27402135231316727,0.02303943085740434,np025,60,power,downward
0.30000000000000004,0.4,578,0.35133373886268005,0.3806228373702422,0.029289098507562172,np025,60,power,downward
0.4,0.5,709,0.447401364645863,0.49506346967559944,0.047662105029736446,np025,60,power,downward
0.5,0.6000000000000001,557,0.5483902076491671,0.5421903052064632,0.006199902442703964,np025,60,power,downward
0.6000000000000001,0.7000000000000001,659,0.6530807891718067,0.6858877086494689,0.03280691947766223,np025,60,power,downward
0.7000000000000001,0.8,731,0.7438148359475324,0.7893296853625171,0.04551484941498474,np025,60,power,downward
0.8,0.9,171,0.847371396792882,0.9298245614035088,0.0824531646106268,np025,60,power,downward
0.9,1.0,23,0.9082275197098121,1.0,0.09177248029018792,np025,60,power,downward
0.0,0.1,3031,0.046202126370522525,0.1141537446387331,0.06795161826821057,np025,60,weather,return
0.1,0.2,1494,0.14835179133792878,0.285809906291834,0.13745811495390522,np025,60,weather,return
0.2,0.30000000000000004,1398,0.24732370192667907,0.35336194563662376,0.10603824370994469,np025,60,weather,return
0.30000000000000004,0.4,773,0.3432230639235578,0.2846054333764554,0.058617630547102395,np025,60,weather,return
0.4,0.5,253,0.44196342838302016,0.466403162055336,0.024439733672315833,np025,60,weather,return
0.5,0.6000000000000001,47,0.5194594011176914,0.3617021276595745,0.1577572734581169,np025,60,weather,return
0.0,0.1,1560,0.06169608690050267,0.12435897435897436,0.06266288745847169,np025,60,weather,downward
0.1,0.2,1047,0.1481536058739975,0.26456542502387775,0.11641181914988025,np025,60,weather,downward
0.2,0.30000000000000004,973,0.24853389623278527,0.33093525179856115,0.08240135556577588,np025,60,weather,downward
0.30000000000000004,0.4,931,0.35034352618601544,0.4683136412459721,0.11797011505995664,np025,60,weather,downward
0.4,0.5,723,0.4456981012686794,0.46749654218533887,0.021798440916659445,np025,60,weather,downward
0.5,0.6000000000000001,595,0.5529328058802218,0.5647058823529412,0.011773076472719413,np025,60,weather,downward
0.6000000000000001,0.7000000000000001,664,0.650784960753091,0.6039156626506024,0.04686929810248863,np025,60,weather,downward
0.7000000000000001,0.8,376,0.7354544127323175,0.7180851063829787,0.017369306349338753,np025,60,weather,downward
0.8,0.9,124,0.8493392038695311,0.6370967741935484,0.21224242967598272,np025,60,weather,downward
0.9,1.0,3,0.9055622625373655,0.0,0.9055622625373655,np025,60,weather,downward
0.0,0.1,3001,0.043820754891978425,0.1072975674775075,0.06347681258552908,np025,60,joint,return
0.1,0.2,1383,0.15112389064521906,0.22125813449023862,0.07013424384501957,np025,60,joint,return
0.2,0.30000000000000004,1362,0.24949106532112214,0.3355359765051395,0.08604491118401736,np025,60,joint,return
0.30000000000000004,0.4,977,0.3422815199337737,0.41453428863868985,0.07225276870491615,np025,60,joint,return
0.4,0.5,238,0.43443420981393877,0.4411764705882353,0.006742260774296516,np025,60,joint,return
0.5,0.6000000000000001,35,0.5271969275612431,0.7714285714285715,0.24423164386732832,np025,60,joint,return
0.0,0.1,2175,0.051840943879185676,0.11632183908045977,0.06448089520127409,np025,60,joint,downward
0.1,0.2,755,0.14734137416472617,0.22913907284768212,0.08179769868295594,np025,60,joint,downward
0.2,0.30000000000000004,742,0.24832807054536285,0.3113207547169811,0.06299268417161827,np025,60,joint,downward
0.30000000000000004,0.4,717,0.35178721823055636,0.3612273361227336,0.009440117892177247,np025,60,joint,downward
0.4,0.5,800,0.4501574007317542,0.46375,0.013592599268245797,np025,60,joint,downward
0.5,0.6000000000000001,582,0.5470034575783644,0.6649484536082474,0.11794499602988295,np025,60,joint,downward
0.6000000000000001,0.7000000000000001,622,0.6521333656927312,0.7347266881028939,0.0825933224101627,np025,60,joint,downward
0.7000000000000001,0.8,421,0.7429292693853469,0.8194774346793349,0.076548165293988,np025,60,joint,downward
0.8,0.9,157,0.838552090942132,0.9681528662420382,0.1296007752999062,np025,60,joint,downward
0.9,1.0,25,0.920467069215178,1.0,0.07953293078482204,np025,60,joint,downward
0.0,0.1,2864,0.04450773695244205,0.10684357541899442,0.06233583846655237,np025,120,power,return
0.1,0.2,1479,0.14924822220915984,0.21839080459770116,0.06914258238854132,np025,120,power,return
0.2,0.30000000000000004,1591,0.2502060676375118,0.32558139534883723,0.07537532771132543,np025,120,power,return
0.30000000000000004,0.4,922,0.3362778962115775,0.4284164859002169,0.09213858968863942,np025,120,power,return
0.4,0.5,132,0.43157121972459117,0.553030303030303,0.12145908330571181,np025,120,power,return
0.5,0.6000000000000001,8,0.5126760842329179,0.875,0.3623239157670821,np025,120,power,return
0.0,0.1,1987,0.04777828436279347,0.13085052843482636,0.0830722440720329,np025,120,power,downward
0.1,0.2,947,0.14770719015432235,0.20802534318901794,0.06031815303469559,np025,120,power,downward
0.2,0.30000000000000004,733,0.25069274528784397,0.3042291950886767,0.05353644980083272,np025,120,power,downward
0.30000000000000004,0.4,660,0.35097995707627194,0.4287878787878788,0.07780792171160683,np025,120,power,downward
0.4,0.5,648,0.4502509730310091,0.45987654320987653,0.009625570178867449,np025,120,power,downward
0.5,0.6000000000000001,761,0.5527794803916075,0.5479632063074902,0.0048162740841173335,np025,120,power,downward
0.6000000000000001,0.7000000000000001,673,0.6499204779108362,0.7191679049034175,0.06924742699258135,np025,120,power,downward
0.7000000000000001,0.8,448,0.7383294857182092,0.8080357142857143,0.06970622856750508,np025,120,power,downward
0.8,0.9,139,0.8383820056512225,0.9280575539568345,0.08967554830561209,np025,120,power,downward
0.0,0.1,3028,0.04607702866786439,0.1142668428005284,0.068189814132664,np025,120,weather,return
0.1,0.2,1488,0.1482912708899455,0.28897849462365593,0.14068722373371043,np025,120,weather,return
0.2,0.30000000000000004,1402,0.24763496101609034,0.34950071326676174,0.1018657522506714,np025,120,weather,return
0.30000000000000004,0.4,778,0.34369612622805773,0.2814910025706941,0.06220512365736364,np025,120,weather,return
0.4,0.5,255,0.44189311555746635,0.47058823529411764,0.028695119736651287,np025,120,weather,return
0.5,0.6000000000000001,45,0.5200900041233363,0.37777777777777777,0.1423122263455585,np025,120,weather,return
0.0,0.1,1559,0.06151646242333867,0.12508017960230916,0.0635637171789705,np025,120,weather,downward
0.1,0.2,1042,0.14787379518217963,0.2629558541266795,0.11508205894449985,np025,120,weather,downward
0.2,0.30000000000000004,980,0.24879887313765156,0.3295918367346939,0.08079296359704233,np025,120,weather,downward
0.30000000000000004,0.4,924,0.3503483320374781,0.4696969696969697,0.11934863765949161,np025,120,weather,downward
0.4,0.5,727,0.44532479675977454,0.469050894085282,0.023726097325507456,np025,120,weather,downward
0.5,0.6000000000000001,599,0.5535666686634014,0.5659432387312187,0.012376570067817227,np025,120,weather,downward
0.6000000000000001,0.7000000000000001,657,0.6519286581038188,0.6057838660578386,0.04614479204598021,np025,120,weather,downward
0.7000000000000001,0.8,378,0.7360412212294216,0.7063492063492064,0.029692014880215223,np025,120,weather,downward
0.8,0.9,127,0.8472828261213239,0.6456692913385826,0.20161353478274124,np025,120,weather,downward
0.9,1.0,3,0.9042784439594295,0.0,0.9042784439594295,np025,120,weather,downward
0.0,0.1,2884,0.050167472608040393,0.10332871012482663,0.05316123751678623,np025,120,joint,return
0.1,0.2,1488,0.14908200118730452,0.23521505376344087,0.08613305257613635,np025,120,joint,return
0.2,0.30000000000000004,1523,0.24932574210639244,0.314510833880499,0.06518509177410656,np025,120,joint,return
0.30000000000000004,0.4,852,0.34018168735524784,0.4154929577464789,0.07531127039123103,np025,120,joint,return
0.4,0.5,210,0.4354894289890736,0.5095238095238095,0.07403438053473588,np025,120,joint,return
0.5,0.6000000000000001,39,0.5257196072755618,0.8717948717948718,0.34607526451931003,np025,120,joint,return
0.0,0.1,1870,0.06049368706675991,0.12994652406417112,0.06945283699741121,np025,120,joint,downward
0.1,0.2,893,0.14642983808141097,0.2116461366181411,0.06521629853673014,np025,120,joint,downward
0.2,0.30000000000000004,813,0.2517242799770784,0.2902829028290283,0.038558622851949886,np025,120,joint,downward
0.30000000000000004,0.4,890,0.35164929012564544,0.4247191011235955,0.07306981099795007,np025,120,joint,downward
0.4,0.5,863,0.44995924347098537,0.4762456546929316,0.02628641122194625,np025,120,joint,downward
0.5,0.6000000000000001,700,0.5472959427347123,0.5928571428571429,0.04556120012243059,np025,120,joint,downward
0.6000000000000001,0.7000000000000001,505,0.6485133765572921,0.7524752475247525,0.10396187096746035,np025,120,joint,downward
0.7000000000000001,0.8,358,0.74132328862922,0.8519553072625698,0.11063201863334982,np025,120,joint,downward
0.8,0.9,104,0.8315941666253983,0.9230769230769231,0.09148275645152482,np025,120,joint,downward
0.0,0.1,2298,0.04804440995172493,0.12097476066144473,0.0729303507097198,np025,240,power,return
0.1,0.2,2514,0.14987901126713812,0.21479713603818615,0.06491812477104802,np025,240,power,return
0.2,0.30000000000000004,1649,0.24385229139670103,0.35112189205579136,0.10726960065909033,np025,240,power,return
0.30000000000000004,0.4,480,0.3343408537721906,0.41458333333333336,0.08024247956114278,np025,240,power,return
0.4,0.5,55,0.4313944371745803,0.4727272727272727,0.041332835552692404,np025,240,power,return
0.0,0.1,1333,0.042445980687335114,0.15003750937734434,0.10759152869000922,np025,240,power,downward
0.1,0.2,1268,0.14829781869666955,0.23974763406940064,0.09144981537273109,np025,240,power,downward
0.2,0.30000000000000004,962,0.2479478870464919,0.27754677754677753,0.029598890500285635,np025,240,power,downward
0.30000000000000004,0.4,1070,0.3500718213131134,0.39158878504672895,0.041516963733615575,np025,240,power,downward
0.4,0.5,888,0.4506611544517062,0.5056306306306306,0.05496947617892445,np025,240,power,downward
0.5,0.6000000000000001,768,0.5457060202409507,0.6171875,0.07148147975904928,np025,240,power,downward
0.6000000000000001,0.7000000000000001,428,0.6467920287563225,0.6962616822429907,0.04946965348666821,np025,240,power,downward
0.7000000000000001,0.8,183,0.7503967221367706,0.8524590163934426,0.10206229425667201,np025,240,power,downward
0.8,0.9,96,0.8233762047962857,0.8958333333333334,0.07245712853704767,np025,240,power,downward
0.0,0.1,3018,0.04626695510023311,0.1149768058316766,0.06870985073144349,np025,240,weather,return
0.1,0.2,1489,0.14738987624169747,0.277367360644728,0.12997748440303053,np025,240,weather,return
0.2,0.30000000000000004,1408,0.24798355903549882,0.3622159090909091,0.1142323500554103,np025,240,weather,return
0.30000000000000004,0.4,775,0.3434795260946937,0.2761290322580645,0.06735049383662917,np025,240,weather,return
0.4,0.5,258,0.44195858272096133,0.4728682170542636,0.03090963433330224,np025,240,weather,return
0.5,0.6000000000000001,48,0.5248979678718667,0.3333333333333333,0.1915646345385334,np025,240,weather,return
0.0,0.1,1550,0.06178561382691756,0.12516129032258064,0.06337567649566309,np025,240,weather,downward
0.1,0.2,1047,0.14763560134482429,0.25692454632282713,0.10928894497800284,np025,240,weather,downward
0.2,0.30000000000000004,970,0.24893818018206568,0.3309278350515464,0.0819896548694807,np025,240,weather,downward
0.30000000000000004,0.4,927,0.3502717128495567,0.4811218985976268,0.13085018574807006,np025,240,weather,downward
0.4,0.5,732,0.44478272160964855,0.4576502732240437,0.012867551614395178,np025,240,weather,downward
0.5,0.6000000000000001,590,0.5520673042845156,0.5576271186440678,0.005559814359552218,np025,240,weather,downward
0.6000000000000001,0.7000000000000001,668,0.6508374845650794,0.6047904191616766,0.046047065403402754,np025,240,weather,downward
0.7000000000000001,0.8,379,0.7359440317620122,0.7176781002638523,0.018265931498159915,np025,240,weather,downward
0.8,0.9,125,0.8477446141816294,0.64,0.20774461418162937,np025,240,weather,downward
0.9,1.0,8,0.9034100791658404,0.375,0.5284100791658404,np025,240,weather,downward
0.0,0.1,2968,0.05243867905838861,0.1192722371967655,0.06683355813837688,np025,240,joint,return
0.1,0.2,1769,0.14887346788325853,0.26907857546636516,0.12020510758310662,np025,240,joint,return
0.2,0.30000000000000004,1419,0.2448176938676963,0.30655391120507397,0.061736217337377663,np025,240,joint,return
0.30000000000000004,0.4,641,0.34230617474718383,0.39469578783151327,0.052389613084329434,np025,240,joint,return
0.4,0.5,169,0.4458865210754447,0.44970414201183434,0.003817620936389654,np025,240,joint,return
0.5,0.6000000000000001,26,0.5348437115429159,0.9230769230769231,0.38823321153400725,np025,240,joint,return
0.6000000000000001,0.7000000000000001,4,0.6236118247500471,1.0,0.37638817524995294,np025,240,joint,return
0.0,0.1,1626,0.06464161720812672,0.12792127921279212,0.0632796620046654,np025,240,joint,downward
0.1,0.2,1132,0.15014801830327945,0.23498233215547704,0.08483431385219758,np025,240,joint,downward
0.2,0.30000000000000004,987,0.24943226993698,0.3606889564336373,0.11125668649665729,np025,240,joint,downward
0.30000000000000004,0.4,823,0.34878037351530417,0.4264884568651276,0.07770808334982343,np025,240,joint,downward
0.4,0.5,839,0.45115337813157597,0.4600715137067938,0.008918135575217812,np025,240,joint,downward
0.5,0.6000000000000001,732,0.54603432727077,0.5983606557377049,0.05232632846693497,np025,240,joint,downward
0.6000000000000001,0.7000000000000001,504,0.6497643847084291,0.7380952380952381,0.08833085338680902,np025,240,joint,downward
0.7000000000000001,0.8,297,0.7361466687357892,0.7676767676767676,0.03153009894097847,np025,240,joint,downward
0.8,0.9,56,0.8265430664816777,0.8571428571428571,0.03059979066117935,np025,240,joint,downward
0.0,0.1,2189,0.057461569474613935,0.12105984467793512,0.06359827520332119,np025,480,power,return
0.1,0.2,3164,0.1466026551896596,0.24873577749683945,0.10213312230717986,np025,480,power,return
0.2,0.30000000000000004,1376,0.23804954102013115,0.35247093023255816,0.114421389212427,np025,480,power,return
0.30000000000000004,0.4,246,0.33093861125326784,0.3333333333333333,0.00239472208006547,np025,480,power,return
0.4,0.5,21,0.4265010798733869,0.14285714285714285,0.2836439370162441,np025,480,power,return
0.0,0.1,926,0.0486445627627477,0.20950323974082075,0.16085867697807305,np025,480,power,downward
0.1,0.2,1337,0.15731006762997507,0.2236350037397158,0.06632493610974072,np025,480,power,downward
0.2,0.30000000000000004,1444,0.24710774770528154,0.3545706371191136,0.10746288941383203,np025,480,power,downward
0.30000000000000004,0.4,1147,0.3487985128718376,0.3853530950305144,0.036554582158676796,np025,480,power,downward
0.4,0.5,1262,0.4450646523946101,0.5126782884310618,0.06761363603645165,np025,480,power,downward
0.5,0.6000000000000001,469,0.5416756992174274,0.5565031982942431,0.014827499076815687,np025,480,power,downward
0.6000000000000001,0.7000000000000001,258,0.6457328700324342,0.6744186046511628,0.028685734618728587,np025,480,power,downward
0.7000000000000001,0.8,141,0.7406787710841447,0.7943262411347518,0.053647470050607104,np025,480,power,downward
0.8,0.9,12,0.8189014132423499,1.0,0.18109858675765012,np025,480,power,downward
0.0,0.1,3012,0.04605201394338901,0.11420982735723771,0.0681578134138487,np025,480,weather,return
0.1,0.2,1499,0.1481847401698681,0.276184122748499,0.12799938257863092,np025,480,weather,return
0.2,0.30000000000000004,1346,0.24727044198114442,0.3610698365527489,0.11379939457160446,np025,480,weather,return
0.30000000000000004,0.4,846,0.3429638552195385,0.2848699763593381,0.0580938788602004,np025,480,weather,return
0.4,0.5,245,0.44131955678059004,0.4897959183673469,0.04847636158675689,np025,480,weather,return
0.5,0.6000000000000001,48,0.5204392428143138,0.3541666666666667,0.16627257614764707,np025,480,weather,return
0.0,0.1,1576,0.06190754736516961,0.125,0.06309245263483039,np025,480,weather,downward
0.1,0.2,1029,0.14785740431719757,0.26239067055393583,0.11453326623673826,np025,480,weather,downward
0.2,0.30000000000000004,972,0.24810519869647119,0.3343621399176955,0.08625694122122429,np025,480,weather,downward
0.30000000000000004,0.4,937,0.35022047161010494,0.4621131270010672,0.11189265539096227,np025,480,weather,downward
0.4,0.5,735,0.44535125728342334,0.47619047619047616,0.030839218907052823,np025,480,weather,downward
0.5,0.6000000000000001,571,0.5542940882214694,0.5569176882661997,0.0026236000447302787,np025,480,weather,downward
0.6000000000000001,0.7000000000000001,635,0.6510395964875438,0.6188976377952756,0.03214195869226821,np025,480,weather,downward
0.7000000000000001,0.8,410,0.7360433446206853,0.6878048780487804,0.04823846657190489,np025,480,weather,downward
0.8,0.9,128,0.8472107322698046,0.6484375,0.1987732322698046,np025,480,weather,downward
0.9,1.0,3,0.9028197135530046,0.6666666666666666,0.23615304688633798,np025,480,weather,downward
0.0,0.1,2804,0.04407563501421815,0.11982881597717546,0.0757531809629573,np025,480,joint,return
0.1,0.2,1576,0.14738524781825357,0.25317258883248733,0.10578734101423376,np025,480,joint,return
0.2,0.30000000000000004,1412,0.24894946844332536,0.3562322946175637,0.10728282617423837,np025,480,joint,return
0.30000000000000004,0.4,914,0.3398067403582276,0.2833698030634573,0.056436937294770284,np025,480,joint,return
0.4,0.5,251,0.4417647079086018,0.450199203187251,0.008434495278649201,np025,480,joint,return
0.5,0.6000000000000001,39,0.5171020848038805,0.3076923076923077,0.20940977711157283,np025,480,joint,return
0.0,0.1,1322,0.055466567715045816,0.12405446293494705,0.06858789521990125,np025,480,joint,downward
0.1,0.2,974,0.1461271999735455,0.2268993839835729,0.08077218401002739,np025,480,joint,downward
0.2,0.30000000000000004,916,0.25094640745894253,0.32641921397379914,0.0754728065148566,np025,480,joint,downward
0.30000000000000004,0.4,943,0.34769270769196053,0.44644750795334043,0.0987548002613799,np025,480,joint,downward
0.4,0.5,859,0.44710937214011076,0.42491268917345754,0.022196682966653225,np025,480,joint,downward
0.5,0.6000000000000001,872,0.5505971897833193,0.5229357798165137,0.02766140996680555,np025,480,joint,downward
0.6000000000000001,0.7000000000000001,825,0.6461985865573482,0.6484848484848484,0.002286261927500255,np025,480,joint,downward
0.7000000000000001,0.8,261,0.7375991463801115,0.6819923371647509,0.05560680921536054,np025,480,joint,downward
0.8,0.9,24,0.8148713518635641,0.5833333333333334,0.2315380185302307,np025,480,joint,downward
0.0,0.1,2212,0.06451526066893713,0.11573236889692586,0.05121710822798872,np025,720,power,return
0.1,0.2,3606,0.14789063717065362,0.27287853577371046,0.12498789860305684,np025,720,power,return
0.2,0.30000000000000004,1121,0.23016123714848924,0.328278322925959,0.09811708577746975,np025,720,power,return
0.30000000000000004,0.4,56,0.3346633291283178,0.25,0.08466332912831781,np025,720,power,return
0.4,0.5,1,0.4031966469903229,0.0,0.4031966469903229,np025,720,power,return
0.0,0.1,702,0.0641664852748389,0.16809116809116809,0.10392468281632919,np025,720,power,downward
0.1,0.2,1417,0.15547214548815383,0.22935779816513763,0.0738856526769838,np025,720,power,downward
0.2,0.30000000000000004,1972,0.24736832059735434,0.3894523326572008,0.14208401205984647,np025,720,power,downward
0.30000000000000004,0.4,1203,0.3485565663062236,0.4937655860349127,0.1452090197286891,np025,720,power,downward
0.4,0.5,1120,0.4446311599722347,0.4785714285714286,0.03394026859919391,np025,720,power,downward
0.5,0.6000000000000001,441,0.541146160821401,0.5238095238095238,0.017336637011877154,np025,720,power,downward
0.6000000000000001,0.7000000000000001,121,0.6375911342719407,0.5537190082644629,0.08387212600747784,np025,720,power,downward
0.7000000000000001,0.8,20,0.7259697993456443,0.7,0.025969799345644362,np025,720,power,downward
0.0,0.1,3004,0.047064414084219096,0.11584553928095873,0.06878112519673962,np025,720,weather,return
0.1,0.2,1499,0.14877834769873938,0.2735156771180787,0.12473732941933935,np025,720,weather,return
0.2,0.30000000000000004,1359,0.24919293836601766,0.36055923473142015,0.11136629636540249,np025,720,weather,return
0.30000000000000004,0.4,839,0.3426510077227113,0.2789034564958284,0.06374755122688291,np025,720,weather,return
0.4,0.5,259,0.442489162448104,0.5057915057915058,0.06330234334340179,np025,720,weather,return
0.5,0.6000000000000001,36,0.5211284656196418,0.25,0.27112846561964177,np025,720,weather,return
0.0,0.1,1561,0.06378078664313357,0.12812299807815503,0.06434221143502146,np025,720,weather,downward
0.1,0.2,1017,0.14687916899545472,0.2536873156342183,0.10680814663876359,np025,720,weather,downward
0.2,0.30000000000000004,980,0.24853256632578277,0.3306122448979592,0.08207967857217643,np025,720,weather,downward
0.30000000000000004,0.4,959,0.3503221376614935,0.45776850886339937,0.10744637120190587,np025,720,weather,downward
0.4,0.5,728,0.44627954583095625,0.47527472527472525,0.028995179443769004,np025,720,weather,downward
0.5,0.6000000000000001,576,0.5535573784856744,0.5590277777777778,0.005470399292103356,np025,720,weather,downward
0.6000000000000001,0.7000000000000001,652,0.6516185286709022,0.6165644171779141,0.035054111492988094,np025,720,weather,downward
0.7000000000000001,0.8,398,0.7384922672214504,0.7110552763819096,0.027436990839540876,np025,720,weather,downward
0.8,0.9,116,0.8459795655393856,0.6551724137931034,0.19080715174628216,np025,720,weather,downward
0.9,1.0,9,0.9045859863066911,0.3333333333333333,0.5712526529733577,np025,720,weather,downward
0.0,0.1,2900,0.04603191980602674,0.11551724137931034,0.0694853215732836,np025,720,joint,return
0.1,0.2,1694,0.14836505997348964,0.29279811097992914,0.1444330510064395,np025,720,joint,return
0.2,0.30000000000000004,1375,0.24400750432902382,0.31054545454545457,0.06653795021643075,np025,720,joint,return
0.30000000000000004,0.4,684,0.34342992355820456,0.32456140350877194,0.018868520049432624,np025,720,joint,return
0.4,0.5,285,0.4443196219887214,0.4245614035087719,0.019758218479949463,np025,720,joint,return
0.5,0.6000000000000001,55,0.5423018328417546,0.34545454545454546,0.19684728738720914,np025,720,joint,return
0.6000000000000001,0.7000000000000001,3,0.607866182871483,0.6666666666666666,0.058800483795183656,np025,720,joint,return
0.0,0.1,1263,0.0618334443291049,0.11084718923198733,0.04901374490288243,np025,720,joint,downward
0.1,0.2,1075,0.1480486217856979,0.23813953488372094,0.09009091309802306,np025,720,joint,downward
0.2,0.30000000000000004,1109,0.24953513414255382,0.35166816952209196,0.10213303537953813,np025,720,joint,downward
0.30000000000000004,0.4,885,0.34830757764889714,0.43954802259887005,0.09124044494997291,np025,720,joint,downward
0.4,0.5,838,0.44745905308444434,0.4403341288782816,0.0071249242061627305,np025,720,joint,downward
0.5,0.6000000000000001,840,0.5493835813034433,0.513095238095238,0.03628834320820529,np025,720,joint,downward
0.6000000000000001,0.7000000000000001,635,0.6489954376473517,0.6708661417322834,0.021870704084931747,np025,720,joint,downward
0.7000000000000001,0.8,258,0.7416149845365403,0.7403100775193798,0.0013049070171604615,np025,720,joint,downward
0.8,0.9,93,0.8408603785700977,0.6559139784946236,0.18494640007547403,np025,720,joint,downward
0.0,0.1,1034,0.052169315570767226,0.10058027079303675,0.04841095522226952,np028,15,power,return
0.1,0.2,1265,0.14965073203970355,0.21106719367588933,0.061416461636185776,np028,15,power,return
0.2,0.30000000000000004,982,0.24478223293612228,0.23523421588594703,0.009548017050175245,np028,15,power,return
0.30000000000000004,0.4,318,0.34248818592034663,0.389937106918239,0.047448920997892385,np028,15,power,return
0.4,0.5,128,0.44165635385906876,0.4296875,0.011968853859068762,np028,15,power,return
0.5,0.6000000000000001,36,0.5444019274795429,0.1388888888888889,0.40551303859065396,np028,15,power,return
0.6000000000000001,0.7000000000000001,9,0.615826763087052,0.2222222222222222,0.39360454086482977,np028,15,power,return
0.0,0.1,612,0.04693038765171188,0.11764705882352941,0.07071667117181753,np028,15,power,downward
0.1,0.2,728,0.1555860883001621,0.1304945054945055,0.025091582805656598,np028,15,power,downward
0.2,0.30000000000000004,550,0.24403521144519996,0.17636363636363636,0.0676715750815636,np028,15,power,downward
0.30000000000000004,0.4,346,0.3506275156027984,0.27167630057803466,0.07895121502476377,np028,15,power,downward
0.4,0.5,239,0.44973565926685954,0.4100418410041841,0.03969381826267543,np028,15,power,downward
0.5,0.6000000000000001,240,0.5492873867457763,0.39166666666666666,0.1576207200791096,np028,15,power,downward
0.6000000000000001,0.7000000000000001,246,0.6509109941148413,0.5934959349593496,0.05741505915549172,np028,15,power,downward
0.7000000000000001,0.8,263,0.7533121703082081,0.7718631178707225,0.018550947562514408,np028,15,power,downward
0.8,0.9,313,0.8585324682864298,0.7188498402555911,0.13968262803083875,np028,15,power,downward
0.9,1.0,235,0.932837356659387,0.8680851063829788,0.0647522502764083,np028,15,power,downward
0.0,0.1,1085,0.052267130466931024,0.1391705069124424,0.08690337644551138,np028,15,weather,return
0.1,0.2,1279,0.1503891538962587,0.1524628616106333,0.0020737077143745952,np028,15,weather,return
0.2,0.30000000000000004,769,0.24360505560671777,0.25227568270481143,0.008670627098093658,np028,15,weather,return
0.30000000000000004,0.4,346,0.34398544763679983,0.3670520231213873,0.02306657548458746,np028,15,weather,return
0.4,0.5,252,0.44295109792278625,0.39285714285714285,0.0500939550656434,np028,15,weather,return
0.5,0.6000000000000001,32,0.5401338092270594,0.46875,0.07138380922705945,np028,15,weather,return
0.6000000000000001,0.7000000000000001,9,0.6194617309413618,0.7777777777777778,0.15831604683641598,np028,15,weather,return
0.0,0.1,436,0.05987649182883268,0.24770642201834864,0.18782993018951596,np028,15,weather,downward
0.1,0.2,571,0.1498687442547083,0.16112084063047286,0.011252096375764548,np028,15,weather,downward
0.2,0.30000000000000004,419,0.24828525287923295,0.2935560859188544,0.045270833039621455,np028,15,weather,downward
0.30000000000000004,0.4,466,0.34703856506894426,0.3948497854077253,0.047811220338781046,np028,15,weather,downward
0.4,0.5,347,0.45314729432301004,0.38904899135446686,0.06409830296854319,np028,15,weather,downward
0.5,0.6000000000000001,732,0.5499090953123723,0.3879781420765027,0.1619309532358696,np028,15,weather,downward
0.6000000000000001,0.7000000000000001,369,0.641690315569379,0.4715447154471545,0.17014560012222457,np028,15,weather,downward
0.7000000000000001,0.8,267,0.7455879327021127,0.5543071161048689,0.19128081659724372,np028,15,weather,downward
0.8,0.9,165,0.8347212601016195,0.48484848484848486,0.34987277525313465,np028,15,weather,downward
0.0,0.1,1700,0.04733978624003614,0.10470588235294118,0.05736609611290504,np028,15,joint,return
0.1,0.2,892,0.13937164574166808,0.2085201793721973,0.06914853363052922,np028,15,joint,return
0.2,0.30000000000000004,465,0.24580027463234003,0.3010752688172043,0.055274994184864285,np028,15,joint,return
0.30000000000000004,0.4,368,0.3490910179030141,0.3233695652173913,0.025721452685622814,np028,15,joint,return
0.4,0.5,253,0.44219932738843715,0.48616600790513836,0.04396668051670122,np028,15,joint,return
0.5,0.6000000000000001,87,0.5362305505223726,0.42528735632183906,0.1109431942005335,np028,15,joint,return
0.6000000000000001,0.7000000000000001,7,0.6546735883554863,0.7142857142857143,0.05961212593022802,np028,15,joint,return
0.0,0.1,944,0.03990680237690301,0.09851694915254237,0.05861014677563937,np028,15,joint,downward
0.1,0.2,720,0.14567859277217743,0.17083333333333334,0.02515474056115591,np028,15,joint,downward
0.2,0.30000000000000004,341,0.24134558727737154,0.20527859237536658,0.03606699490200496,np028,15,joint,downward
0.30000000000000004,0.4,191,0.3445398586598502,0.2617801047120419,0.08275975394780832,np028,15,joint,downward
0.4,0.5,210,0.44729671793917974,0.38571428571428573,0.06158243222489401,np028,15,joint,downward
0.5,0.6000000000000001,202,0.55177990312894,0.41089108910891087,0.14088881402002912,np028,15,joint,downward
0.6000000000000001,0.7000000000000001,269,0.6503344153132071,0.5910780669144982,0.05925634839870897,np028,15,joint,downward
0.7000000000000001,0.8,393,0.751691797409802,0.6412213740458015,0.11047042336400048,np028,15,joint,downward
0.8,0.9,401,0.8450386598672402,0.7930174563591023,0.05202120350813799,np028,15,joint,downward
0.9,1.0,101,0.9192851975546289,0.9801980198019802,0.060912822247351284,np028,15,joint,downward
0.0,0.1,1136,0.055105251863580174,0.1329225352112676,0.07781728334768742,np028,60,power,return
0.1,0.2,1095,0.15416122365446822,0.1954337899543379,0.041272566299869695,np028,60,power,return
0.2,0.30000000000000004,1013,0.24137867402431937,0.23395853899308983,0.007420135031229541,np028,60,power,return
0.30000000000000004,0.4,400,0.3448604043908199,0.36,0.015139595609180101,np028,60,power,return
0.4,0.5,105,0.4373160580876751,0.3523809523809524,0.08493510570672269,np028,60,power,return
0.5,0.6000000000000001,23,0.5254747664036692,0.21739130434782608,0.30808346205584314,np028,60,power,return
0.0,0.1,529,0.058120876340947585,0.15122873345935728,0.09310785711840969,np028,60,power,downward
0.1,0.2,557,0.15287858075956678,0.10771992818671454,0.045158652572852245,np028,60,power,downward
0.2,0.30000000000000004,521,0.2470645056032252,0.22072936660268713,0.026335139000538077,np028,60,power,downward
0.30000000000000004,0.4,452,0.3487510028391117,0.28761061946902655,0.06114038337008515,np028,60,power,downward
0.4,0.5,428,0.4507435944968383,0.35514018691588783,0.09560340758095048,np028,60,power,downward
0.5,0.6000000000000001,333,0.5473131628502494,0.42042042042042044,0.126892742429829,np028,60,power,downward
0.6000000000000001,0.7000000000000001,296,0.6510292623915103,0.5743243243243243,0.07670493806718592,np028,60,power,downward
0.7000000000000001,0.8,344,0.7471506186725129,0.7383720930232558,0.008778525649257074,np028,60,power,downward
0.8,0.9,262,0.8480379407374405,0.7442748091603053,0.10376313157713524,np028,60,power,downward
0.9,1.0,50,0.9166720821671209,0.64,0.2766720821671209,np028,60,power,downward
0.0,0.1,1069,0.051761689680358665,0.13938260056127222,0.08762091088091356,np028,60,weather,return
0.1,0.2,1350,0.14881172082148025,0.15037037037037038,0.001558649548890123,np028,60,weather,return
0.2,0.30000000000000004,726,0.24201509845650832,0.26721763085399447,0.025202532397486155,np028,60,weather,return
0.30000000000000004,0.4,339,0.3431137554047148,0.3480825958702065,0.004968840465491731,np028,60,weather,return
0.4,0.5,252,0.4421314544065156,0.40476190476190477,0.03736954964461081,np028,60,weather,return
0.5,0.6000000000000001,29,0.5489885656693628,0.5172413793103449,0.031747186359017965,np028,60,weather,return
0.6000000000000001,0.7000000000000001,7,0.6210746589361847,1.0,0.37892534106381526,np028,60,weather,return
0.0,0.1,421,0.05882844804681788,0.2375296912114014,0.17870124316458352,np028,60,weather,downward
0.1,0.2,586,0.15084654378126852,0.1689419795221843,0.018095435740915766,np028,60,weather,downward
0.2,0.30000000000000004,423,0.2488496526035341,0.3049645390070922,0.056114886403558106,np028,60,weather,downward
0.30000000000000004,0.4,469,0.34769057945464543,0.3773987206823028,0.02970814122765736,np028,60,weather,downward
0.4,0.5,363,0.45516334070333736,0.38016528925619836,0.074998051447139,np028,60,weather,downward
0.5,0.6000000000000001,705,0.5501938989122789,0.39574468085106385,0.15444921806121503,np028,60,weather,downward
0.6000000000000001,0.7000000000000001,381,0.6420936945571547,0.46981627296587924,0.17227742159127546,np028,60,weather,downward
0.7000000000000001,0.8,268,0.7468729083896882,0.5597014925373134,0.18717141585237485,np028,60,weather,downward
0.8,0.9,156,0.8323992017454935,0.4935897435897436,0.3388094581557499,np028,60,weather,downward
0.0,0.1,1621,0.047163227712653244,0.10302282541640963,0.05585959770375638,np028,60,joint,return
0.1,0.2,1032,0.13922029003021796,0.2054263565891473,0.06620606655892933,np028,60,joint,return
0.2,0.30000000000000004,457,0.2503594175303246,0.3522975929978118,0.10193817546748724,np028,60,joint,return
0.30000000000000004,0.4,343,0.35048058059381204,0.3206997084548105,0.029780872139001546,np028,60,joint,return
0.4,0.5,251,0.4444736136142467,0.4063745019920319,0.0380991116222148,np028,60,joint,return
0.5,0.6000000000000001,61,0.534218607856956,0.4918032786885246,0.04241532916843138,np028,60,joint,return
0.6000000000000001,0.7000000000000001,7,0.6190683457074792,0.8571428571428571,0.23807451143537794,np028,60,joint,return
0.0,0.1,825,0.0462250589172282,0.12727272727272726,0.08104766835549906,np028,60,joint,downward
0.1,0.2,679,0.15070972125939705,0.20176730486008837,0.05105758360069132,np028,60,joint,downward
0.2,0.30000000000000004,453,0.24593653455795675,0.1986754966887417,0.04726103786921504,np028,60,joint,downward
0.30000000000000004,0.4,291,0.3452048511834111,0.30584192439862545,0.039362926784785646,np028,60,joint,downward
0.4,0.5,244,0.4521561200189691,0.4344262295081967,0.017729890510772395,np028,60,joint,downward
0.5,0.6000000000000001,282,0.550604793165762,0.46099290780141844,0.08961188536434361,np028,60,joint,downward
0.6000000000000001,0.7000000000000001,259,0.6519625520156879,0.5752895752895753,0.07667297672611262,np028,60,joint,downward
0.7000000000000001,0.8,481,0.7482809308391276,0.6486486486486487,0.09963228219047893,np028,60,joint,downward
0.8,0.9,257,0.8366126417381571,0.8132295719844358,0.023383069753721286,np028,60,joint,downward
0.9,1.0,1,0.9000038669405754,1.0,0.09999613305942456,np028,60,joint,downward
0.0,0.1,1154,0.051527315765615325,0.15251299826689774,0.10098568250128241,np028,120,power,return
0.1,0.2,1179,0.15579132464705442,0.18914334181509754,0.03335201716804312,np028,120,power,return
0.2,0.30000000000000004,869,0.24290663183294517,0.24050632911392406,0.0024003027190211135,np028,120,power,return
0.30000000000000004,0.4,428,0.34332057086549544,0.3037383177570093,0.03958225310848612,np028,120,power,return
0.4,0.5,137,0.4332861926459718,0.35766423357664234,0.07562195906932945,np028,120,power,return
0.5,0.6000000000000001,5,0.5399082154111011,0.2,0.3399082154111011,np028,120,power,return
0.0,0.1,520,0.06684755418101916,0.16346153846153846,0.0966139842805193,np028,120,power,downward
0.1,0.2,447,0.14729857458137677,0.11185682326621924,0.03544175131515753,np028,120,power,downward
0.2,0.30000000000000004,511,0.24984804214106274,0.19765166340508805,0.052196378735974686,np028,120,power,downward
0.30000000000000004,0.4,455,0.3490794711718802,0.34285714285714286,0.0062223283147373465,np028,120,power,downward
0.4,0.5,451,0.44995883699184175,0.4279379157427938,0.022020921249047976,np028,120,power,downward
0.5,0.6000000000000001,510,0.5486273831643851,0.3843137254901961,0.16431365767418898,np028,120,power,downward
0.6000000000000001,0.7000000000000001,356,0.6471944004782685,0.5646067415730337,0.08258765890523478,np028,120,power,downward
0.7000000000000001,0.8,273,0.7505609931542676,0.608058608058608,0.1425023850956596,np028,120,power,downward
0.8,0.9,212,0.8397612769592843,0.7264150943396226,0.11334618261966167,np028,120,power,downward
0.9,1.0,37,0.9143841148438675,0.7027027027027027,0.21168141214116476,np028,120,power,downward
0.0,0.1,1084,0.05260772105835741,0.1429889298892989,0.09038120883094149,np028,120,weather,return
0.1,0.2,1329,0.1479238439747717,0.14672686230248308,0.0011969816722886273,np028,120,weather,return
0.2,0.30000000000000004,740,0.24323841613823033,0.26756756756756755,0.024329151429337226,np028,120,weather,return
0.30000000000000004,0.4,339,0.3436975376225665,0.35693215339233036,0.013234615769763869,np028,120,weather,return
0.4,0.5,242,0.44542901483219577,0.3884297520661157,0.05699926276608008,np028,120,weather,return
0.5,0.6000000000000001,26,0.5467830641118673,0.6153846153846154,0.06860155127274814,np028,120,weather,return
0.6000000000000001,0.7000000000000001,12,0.6298763455085546,0.75,0.12012365449144535,np028,120,weather,return
0.0,0.1,425,0.0593391163825984,0.23294117647058823,0.17360206008798984,np028,120,weather,downward
0.1,0.2,558,0.15053439985351558,0.17383512544802868,0.0233007255945131,np028,120,weather,downward
0.2,0.30000000000000004,439,0.2473614968202117,0.2824601366742597,0.035098639854047986,np028,120,weather,downward
0.30000000000000004,0.4,479,0.3490099760746956,0.3945720250521921,0.045562048977496494,np028,120,weather,downward
0.4,0.5,401,0.45376188037126125,0.3192019950124688,0.13455988535879243,np028,120,weather,downward
0.5,0.6000000000000001,695,0.545144851339686,0.4287769784172662,0.11636787292241985,np028,120,weather,downward
0.6000000000000001,0.7000000000000001,359,0.6424645147755389,0.46518105849582175,0.17728345627971714,np028,120,weather,downward
0.7000000000000001,0.8,269,0.7450154180545031,0.5799256505576208,0.1650897674968823,np028,120,weather,downward
0.8,0.9,147,0.8313812540124202,0.47619047619047616,0.3551907778219441,np028,120,weather,downward
0.0,0.1,1451,0.05164638679606202,0.10613370089593384,0.05448731409987182,np028,120,joint,return
0.1,0.2,1096,0.14485377353987872,0.18339416058394162,0.0385403870440629,np028,120,joint,return
0.2,0.30000000000000004,516,0.24517012281246586,0.32751937984496127,0.0823492570324954,np028,120,joint,return
0.30000000000000004,0.4,419,0.3435083281488162,0.3054892601431981,0.038019068005618106,np028,120,joint,return
0.4,0.5,214,0.43964247420656316,0.4672897196261682,0.02764724541960506,np028,120,joint,return
0.5,0.6000000000000001,72,0.5434301476668142,0.4583333333333333,0.08509681433348087,np028,120,joint,return
0.6000000000000001,0.7000000000000001,4,0.6069108522820247,0.75,0.14308914771797532,np028,120,joint,return
0.0,0.1,752,0.05426413812668133,0.14760638297872342,0.0933422448520421,np028,120,joint,downward
0.1,0.2,624,0.15051518163471383,0.1778846153846154,0.027369433749901556,np028,120,joint,downward
0.2,0.30000000000000004,572,0.2489695019852692,0.23426573426573427,0.014703767719534938,np028,120,joint,downward
0.30000000000000004,0.4,348,0.34528209134132487,0.3333333333333333,0.011948758007991556,np028,120,joint,downward
0.4,0.5,275,0.4498213650187362,0.43272727272727274,0.01709409229146347,np028,120,joint,downward
0.5,0.6000000000000001,293,0.5476436604455772,0.49146757679180886,0.05617608365376836,np028,120,joint,downward
0.6000000000000001,0.7000000000000001,363,0.6593211299741937,0.6060606060606061,0.0532605239135876,np028,120,joint,downward
0.7000000000000001,0.8,380,0.7471203235080802,0.6473684210526316,0.09975190245544863,np028,120,joint,downward
0.8,0.9,165,0.8356036697148242,0.7696969696969697,0.06590670001785459,np028,120,joint,downward
0.0,0.1,1252,0.05097900262528447,0.1869009584664537,0.13592195584116923,np028,240,power,return
0.1,0.2,897,0.14954338326077693,0.17614269788182832,0.02659931462105139,np028,240,power,return
0.2,0.30000000000000004,923,0.24900997729021856,0.2372697724810401,0.011740204809178478,np028,240,power,return
0.30000000000000004,0.4,546,0.3405402566874896,0.23809523809523808,0.10244501859225152,np028,240,power,return
0.4,0.5,154,0.4332247117387419,0.3051948051948052,0.1280299065439367,np028,240,power,return
0.0,0.1,485,0.06135567558152317,0.19381443298969073,0.13245875740816757,np028,240,power,downward
0.1,0.2,415,0.14506671788081832,0.20240963855421687,0.05734292067339855,np028,240,power,downward
0.2,0.30000000000000004,458,0.2508815743956282,0.21397379912663755,0.03690777526899064,np028,240,power,downward
0.30000000000000004,0.4,435,0.3525478573465795,0.31724137931034485,0.035306478036234656,np028,240,power,downward
0.4,0.5,565,0.4523276198141507,0.41415929203539825,0.03816832777875245,np028,240,power,downward
0.5,0.6000000000000001,536,0.546811058371262,0.43283582089552236,0.11397523747573962,np028,240,power,downward
0.6000000000000001,0.7000000000000001,334,0.6468025535402315,0.44011976047904194,0.20668279306118958,np028,240,power,downward
0.7000000000000001,0.8,339,0.7554472647403339,0.45427728613569324,0.3011699786046406,np028,240,power,downward
0.8,0.9,205,0.8298056348816043,0.7170731707317073,0.11273246414989702,np028,240,power,downward
0.0,0.1,1078,0.05322783348349427,0.1437847866419295,0.09055695315843523,np028,240,weather,return
0.1,0.2,1336,0.14767717314177722,0.1467065868263473,0.0009705863154299277,np028,240,weather,return
0.2,0.30000000000000004,718,0.24538150694050806,0.27298050139275765,0.027598994452249587,np028,240,weather,return
0.30000000000000004,0.4,344,0.3474776681179637,0.33430232558139533,0.01317534253656838,np028,240,weather,return
0.4,0.5,246,0.4461441000099403,0.3780487804878049,0.06809531952213543,np028,240,weather,return
0.5,0.6000000000000001,36,0.5352507903646385,0.6388888888888888,0.10363809852425032,np028,240,weather,return
0.6000000000000001,0.7000000000000001,14,0.6390303576161082,0.7142857142857143,0.07525535666960614,np028,240,weather,return
0.0,0.1,407,0.061080172471020724,0.23832923832923833,0.1772490658582176,np028,240,weather,downward
0.1,0.2,578,0.14947852538276724,0.16782006920415224,0.018341543821385003,np028,240,weather,downward
0.2,0.30000000000000004,420,0.2439932816175976,0.25952380952380955,0.015530527906211955,np028,240,weather,downward
0.30000000000000004,0.4,492,0.34972810553729494,0.40040650406504064,0.050678398527745694,np028,240,weather,downward
0.4,0.5,496,0.45333228898751793,0.29435483870967744,0.1589774502778405,np028,240,weather,downward
0.5,0.6000000000000001,634,0.5444430361784269,0.4810725552050473,0.0633704809733796,np028,240,weather,downward
0.6000000000000001,0.7000000000000001,343,0.6427538639190682,0.4752186588921283,0.16753520502693992,np028,240,weather,downward
0.7000000000000001,0.8,261,0.7467671357004992,0.5517241379310345,0.19504299776946477,np028,240,weather,downward
0.8,0.9,141,0.8246150373602175,0.49645390070921985,0.3281611366509976,np028,240,weather,downward
0.0,0.1,1244,0.056555812699589224,0.12218649517684887,0.06563068247725964,np028,240,joint,return
0.1,0.2,1134,0.15038772096315864,0.17901234567901234,0.028624624715853697,np028,240,joint,return
0.2,0.30000000000000004,921,0.2492174588143033,0.250814332247557,0.0015968734332537093,np028,240,joint,return
0.30000000000000004,0.4,353,0.3392427011947284,0.38526912181303113,0.046026420618302755,np028,240,joint,return
0.4,0.5,102,0.4253598092548359,0.5294117647058824,0.10405195545104645,np028,240,joint,return
0.5,0.6000000000000001,10,0.5303769484904485,0.8,0.26962305150955157,np028,240,joint,return
0.6000000000000001,0.7000000000000001,8,0.6332453113496836,0.5,0.13324531134968365,np028,240,joint,return
0.0,0.1,578,0.06273045157091985,0.16782006920415224,0.1050896176332324,np028,240,joint,downward
0.1,0.2,620,0.15005991572285934,0.1870967741935484,0.03703685847068905,np028,240,joint,downward
0.2,0.30000000000000004,614,0.24773428344222648,0.1742671009771987,0.07346718246502779,np028,240,joint,downward
0.30000000000000004,0.4,559,0.34565388607652314,0.41323792486583183,0.06758403878930869,np028,240,joint,downward
0.4,0.5,441,0.4485227045938971,0.4421768707482993,0.006345833845597781,np028,240,joint,downward
0.5,0.6000000000000001,385,0.553803430902195,0.6077922077922078,0.0539887768900128,np028,240,joint,downward
0.6000000000000001,0.7000000000000001,235,0.6469426317094044,0.574468085106383,0.07247454660302133,np028,240,joint,downward
0.7000000000000001,0.8,236,0.7510405416351515,0.6228813559322034,0.12815918570294815,np028,240,joint,downward
0.8,0.9,104,0.8302908376621141,0.6346153846153846,0.1956754530467295,np028,240,joint,downward
0.0,0.1,1262,0.05717130656010599,0.196513470681458,0.139342164121352,np028,480,power,return
0.1,0.2,926,0.14081124678449203,0.1879049676025918,0.04709372081809976,np028,480,power,return
0.2,0.30000000000000004,660,0.24922496518272677,0.1984848484848485,0.050740116697878285,np028,480,power,return
0.30000000000000004,0.4,597,0.34571358734343416,0.23450586264656617,0.11120772469686799,np028,480,power,return
0.4,0.5,289,0.4355808666517887,0.25951557093425603,0.17606529571753265,np028,480,power,return
0.5,0.6000000000000001,38,0.5227959592091909,0.5263157894736842,0.0035198302644933177,np028,480,power,return
0.0,0.1,413,0.06364830142543718,0.1937046004842615,0.13005629905882432,np028,480,power,downward
0.1,0.2,544,0.15314934909531702,0.27389705882352944,0.12074770972821242,np028,480,power,downward
0.2,0.30000000000000004,412,0.24636014845011725,0.3470873786407767,0.10072723019065946,np028,480,power,downward
0.30000000000000004,0.4,343,0.3514085235518545,0.35276967930029157,0.0013611557484370929,np028,480,power,downward
0.4,0.5,342,0.4463689461722934,0.4590643274853801,0.012695381313086729,np028,480,power,downward
0.5,0.6000000000000001,236,0.5531698120635068,0.3855932203389831,0.16757659172452372,np028,480,power,downward
0.6000000000000001,0.7000000000000001,598,0.6588201650470347,0.35785953177257523,0.30096063327445943,np028,480,power,downward
0.7000000000000001,0.8,679,0.7495886225781714,0.39764359351988215,0.3519450290582892,np028,480,power,downward
0.8,0.9,202,0.8253624302179907,0.49504950495049505,0.33031292526749567,np028,480,power,downward
0.9,1.0,3,0.9033777216190352,1.0,0.09662227838096482,np028,480,power,downward
0.0,0.1,1078,0.05349417151983786,0.15955473098330242,0.10606055946346456,np028,480,weather,return
0.1,0.2,1353,0.14798134154272247,0.13895048041389504,0.009030861128827422,np028,480,weather,return
0.2,0.30000000000000004,706,0.24259961090579288,0.26487252124645894,0.022272910340666058,np028,480,weather,return
0.30000000000000004,0.4,340,0.345041949859879,0.32941176470588235,0.015630185153996667,np028,480,weather,return
0.4,0.5,244,0.4392145182385782,0.38114754098360654,0.058066977254971675,np028,480,weather,return
0.5,0.6000000000000001,43,0.5353794844747435,0.6976744186046512,0.1622949341299077,np028,480,weather,return
0.6000000000000001,0.7000000000000001,8,0.6421451776672851,0.75,0.10785482233271493,np028,480,weather,return
0.0,0.1,425,0.05998347993147455,0.2376470588235294,0.17766357889205486,np028,480,weather,downward
0.1,0.2,540,0.15029009382107822,0.16666666666666666,0.01637657284558844,np028,480,weather,downward
0.2,0.30000000000000004,461,0.2438668811201461,0.2754880694143167,0.0316211882941706,np028,480,weather,downward
0.30000000000000004,0.4,484,0.3502078306962291,0.3884297520661157,0.03822192136988656,np028,480,weather,downward
0.4,0.5,502,0.45504986705701045,0.3147410358565737,0.14030883120043675,np028,480,weather,downward
0.5,0.6000000000000001,623,0.5449645780904606,0.4606741573033708,0.08429042078708981,np028,480,weather,downward
0.6000000000000001,0.7000000000000001,338,0.6445619173614043,0.47041420118343197,0.17414771617797237,np028,480,weather,downward
0.7000000000000001,0.8,247,0.7467678657056197,0.5668016194331984,0.1799662462724213,np028,480,weather,downward
0.8,0.9,152,0.8329450622751858,0.5131578947368421,0.3197871675383437,np028,480,weather,downward
0.0,0.1,1020,0.05938756903907831,0.13431372549019607,0.07492615645111776,np028,480,joint,return
0.1,0.2,1346,0.14633005842079372,0.1575037147102526,0.011173656289458878,np028,480,joint,return
0.2,0.30000000000000004,730,0.24528966264669516,0.27671232876712326,0.0314226661204281,np028,480,joint,return
0.30000000000000004,0.4,367,0.34890870492930165,0.29427792915531337,0.05463077577398828,np028,480,joint,return
0.4,0.5,242,0.4417282722726386,0.3760330578512397,0.06569521442139892,np028,480,joint,return
0.5,0.6000000000000001,56,0.5355938898286173,0.5535714285714286,0.017977538742811272,np028,480,joint,return
0.6000000000000001,0.7000000000000001,11,0.6514746662911061,0.6363636363636364,0.01511102992746971,np028,480,joint,return
0.0,0.1,373,0.060668720089035046,0.21179624664879357,0.15112752655975853,np028,480,joint,downward
0.1,0.2,494,0.15385987678044116,0.19433198380566802,0.040472107025226856,np028,480,joint,downward
0.2,0.30000000000000004,533,0.24980023271824292,0.21575984990619138,0.034040382812051545,np028,480,joint,downward
0.30000000000000004,0.4,686,0.3543013515601039,0.3119533527696793,0.04234799879042461,np028,480,joint,downward
0.4,0.5,522,0.4451482449946274,0.3735632183908046,0.07158502660382282,np028,480,joint,downward
0.5,0.6000000000000001,395,0.5526376395846688,0.5721518987341773,0.01951425914950844,np028,480,joint,downward
0.6000000000000001,0.7000000000000001,442,0.6447387099395161,0.5090497737556561,0.13568893618386002,np028,480,joint,downward
0.7000000000000001,0.8,243,0.7463657441090513,0.5925925925925926,0.15377315151645876,np028,480,joint,downward
0.8,0.9,84,0.8212132048770203,0.40476190476190477,0.41645130011511555,np028,480,joint,downward
0.0,0.1,1351,0.05510281343477996,0.19170984455958548,0.13660703112480552,np028,720,power,return
0.1,0.2,919,0.1457386587399832,0.17736670293797607,0.031628044197992866,np028,720,power,return
0.2,0.30000000000000004,631,0.24376171459251236,0.22503961965134706,0.018722094941165307,np028,720,power,return
0.30000000000000004,0.4,452,0.34779595967650007,0.2610619469026549,0.08673401277384518,np028,720,power,return
0.4,0.5,260,0.4401058518181227,0.21153846153846154,0.22856739027966114,np028,720,power,return
0.5,0.6000000000000001,147,0.5486374699722427,0.3333333333333333,0.2153041366389094,np028,720,power,return
0.6000000000000001,0.7000000000000001,12,0.6065012077574873,0.16666666666666666,0.43983454109082065,np028,720,power,return
0.0,0.1,482,0.06992215385414809,0.23651452282157676,0.16659236896742868,np028,720,power,downward
0.1,0.2,560,0.14877026459651052,0.25357142857142856,0.10480116397491804,np028,720,power,downward
0.2,0.30000000000000004,358,0.24335712608435436,0.3407821229050279,0.09742499682067354,np028,720,power,downward
0.30000000000000004,0.4,336,0.34876867043060145,0.44047619047619047,0.09170752004558902,np028,720,power,downward
0.4,0.5,266,0.44372260233806077,0.4473684210526316,0.0036458187145708143,np028,720,power,downward
0.5,0.6000000000000001,294,0.5529072162699146,0.41156462585034015,0.14134259041957442,np028,720,power,downward
0.6000000000000001,0.7000000000000001,546,0.6531330979047439,0.47619047619047616,0.17694262171426778,np028,720,power,downward
0.7000000000000001,0.8,697,0.7463000799374441,0.3113342898134864,0.4349657901239577,np028,720,power,downward
0.8,0.9,230,0.831390481936326,0.3565217391304348,0.47486874280589125,np028,720,power,downward
0.9,1.0,3,0.9056933285453871,1.0,0.09430667145461291,np028,720,power,downward
0.0,0.1,1034,0.05225123588173082,0.1595744680851064,0.10732323220337557,np028,720,weather,return
0.1,0.2,1332,0.14917316049133264,0.14114114114114115,0.008032019350191488,np028,720,weather,return
0.2,0.30000000000000004,751,0.24128885178122747,0.25033288948069243,0.009044037699464963,np028,720,weather,return
0.30000000000000004,0.4,372,0.34484917976960955,0.3387096774193548,0.006139502350254733,np028,720,weather,return
0.4,0.5,238,0.44122079521448787,0.39915966386554624,0.04206113134894163,np028,720,weather,return
0.5,0.6000000000000001,34,0.5414176704749539,0.5,0.04141767047495393,np028,720,weather,return
0.6000000000000001,0.7000000000000001,11,0.6310091221381942,0.8181818181818182,0.18717269604362408,np028,720,weather,return
0.0,0.1,439,0.05901882018880149,0.23690205011389523,0.17788322992509376,np028,720,weather,downward
0.1,0.2,558,0.1515578408119369,0.16308243727598568,0.01152459646404877,np028,720,weather,downward
0.2,0.30000000000000004,442,0.24689676846449535,0.2895927601809955,0.04269599171650015,np028,720,weather,downward
0.30000000000000004,0.4,468,0.34845396515884247,0.3995726495726496,0.051118684413807125,np028,720,weather,downward
0.4,0.5,410,0.45728777292962597,0.34146341463414637,0.1158243582954796,np028,720,weather,downward
0.5,0.6000000000000001,713,0.5459357587303496,0.426367461430575,0.11956829729977458,np028,720,weather,downward
0.6000000000000001,0.7000000000000001,335,0.6464731247137399,0.48059701492537316,0.1658761097883667,np028,720,weather,downward
0.7000000000000001,0.8,265,0.7507613130047618,0.5358490566037736,0.2149122564009882,np028,720,weather,downward
0.8,0.9,142,0.8266599559277832,0.5,0.3266599559277832,np028,720,weather,downward
0.0,0.1,1072,0.055567583056168816,0.14738805970149255,0.09182047664532372,np028,720,joint,return
0.1,0.2,1299,0.14840100894274086,0.14395688991531946,0.004444119027421395,np028,720,joint,return
0.2,0.30000000000000004,647,0.24392079490987964,0.3091190108191654,0.06519821590928573,np028,720,joint,return
0.30000000000000004,0.4,390,0.34705007297043705,0.26666666666666666,0.08038340630377039,np028,720,joint,return
0.4,0.5,296,0.4402205326957356,0.34459459459459457,0.095625938101141,np028,720,joint,return
0.5,0.6000000000000001,63,0.5326792788733141,0.5079365079365079,0.024742770936806213,np028,720,joint,return
0.6000000000000001,0.7000000000000001,5,0.6090331122241808,1.0,0.3909668877758192,np028,720,joint,return
0.0,0.1,381,0.05987969185975203,0.25984251968503935,0.19996282782528732,np028,720,joint,downward
0.1,0.2,551,0.1469117061386565,0.1705989110707804,0.023687204932123895,np028,720,joint,downward
0.2,0.30000000000000004,472,0.24966003093552147,0.2605932203389831,0.010933189403461607,np028,720,joint,downward
0.30000000000000004,0.4,480,0.35387613349476915,0.39791666666666664,0.04404053317189749,np028,720,joint,downward
0.4,0.5,480,0.455106830670861,0.28958333333333336,0.16552349733752764,np028,720,joint,downward
0.5,0.6000000000000001,615,0.545389413248714,0.46178861788617886,0.08360079536253517,np028,720,joint,downward
0.6000000000000001,0.7000000000000001,420,0.6459690928625418,0.48095238095238096,0.16501671191016082,np028,720,joint,downward
0.7000000000000001,0.8,280,0.7470482768790987,0.5214285714285715,0.22561970545052723,np028,720,joint,downward
0.8,0.9,93,0.8280132829091505,0.5376344086021505,0.29037887430700005,np028,720,joint,downward
0.0,0.1,4798,0.037065505664731865,0.020008336807002917,0.017057168857728948,np025,15,power,downward_arrival_le_60min
0.1,0.2,814,0.14504959826691652,0.12407862407862408,0.02097097418829244,np025,15,power,downward_arrival_le_60min
0.2,0.30000000000000004,570,0.24701057504136617,0.23157894736842105,0.01543162767294512,np025,15,power,downward_arrival_le_60min
0.30000000000000004,0.4,574,0.34634109499053806,0.3554006968641115,0.009059601873573464,np025,15,power,downward_arrival_le_60min
0.4,0.5,180,0.4458513089113017,0.4444444444444444,0.0014068644668572827,np025,15,power,downward_arrival_le_60min
0.5,0.6000000000000001,57,0.5267060361898561,0.5789473684210527,0.052241332231196536,np025,15,power,downward_arrival_le_60min
0.6000000000000001,0.7000000000000001,3,0.6308878403924604,0.6666666666666666,0.035778826274206255,np025,15,power,downward_arrival_le_60min
0.0,0.1,507,0.07894834093683295,0.023668639053254437,0.055279701883578516,np025,15,weather,downward_arrival_le_60min
0.1,0.2,4011,0.16047755926677496,0.09947643979057591,0.061001119476199045,np025,15,weather,downward_arrival_le_60min
0.2,0.30000000000000004,1673,0.23288175314508777,0.09085475194261805,0.14202700120246972,np025,15,weather,downward_arrival_le_60min
0.30000000000000004,0.4,502,0.34651935312172916,0.09760956175298804,0.2489097913687411,np025,15,weather,downward_arrival_le_60min
0.4,0.5,233,0.4404560407162988,0.11587982832618025,0.3245762123901185,np025,15,weather,downward_arrival_le_60min
0.5,0.6000000000000001,53,0.5321553862204785,0.1509433962264151,0.38121198999406347,np025,15,weather,downward_arrival_le_60min
0.6000000000000001,0.7000000000000001,17,0.6203564073840161,0.058823529411764705,0.5615328779722514,np025,15,weather,downward_arrival_le_60min
0.0,0.1,4820,0.03707296458390137,0.01929460580912863,0.01777835877477274,np025,15,joint,downward_arrival_le_60min
0.1,0.2,761,0.14531257779720963,0.10906701708278581,0.03624556071442382,np025,15,joint,downward_arrival_le_60min
0.2,0.30000000000000004,503,0.24747371339004692,0.24453280318091453,0.002940910209132397,np025,15,joint,downward_arrival_le_60min
0.30000000000000004,0.4,443,0.34866087459775724,0.3182844243792325,0.030376450218524753,np025,15,joint,downward_arrival_le_60min
0.4,0.5,381,0.44151565376842195,0.3963254593175853,0.04519019445083666,np025,15,joint,downward_arrival_le_60min
0.5,0.6000000000000001,71,0.5378428011485695,0.6619718309859155,0.12412902983734597,np025,15,joint,downward_arrival_le_60min
0.6000000000000001,0.7000000000000001,17,0.620606244821151,0.5882352941176471,0.03237095070350393,np025,15,joint,downward_arrival_le_60min
0.0,0.1,3825,0.059903964483487365,0.023529411764705882,0.03637455271878148,np025,60,power,downward_arrival_le_60min
0.1,0.2,1680,0.14212475511662073,0.09226190476190477,0.049862850354715965,np025,60,power,downward_arrival_le_60min
0.2,0.30000000000000004,944,0.24626090168946863,0.225635593220339,0.020625308469129633,np025,60,power,downward_arrival_le_60min
0.30000000000000004,0.4,430,0.3373493331733369,0.33488372093023255,0.0024656122431043204,np025,60,power,downward_arrival_le_60min
0.4,0.5,86,0.433294724533873,0.4069767441860465,0.02631798034782651,np025,60,power,downward_arrival_le_60min
0.5,0.6000000000000001,30,0.5422894067813491,0.36666666666666664,0.17562274011468243,np025,60,power,downward_arrival_le_60min
0.6000000000000001,0.7000000000000001,1,0.6115409346948637,0.0,0.6115409346948637,np025,60,power,downward_arrival_le_60min
0.0,0.1,507,0.07894834093683294,0.023668639053254437,0.0552797018835785,np025,60,weather,downward_arrival_le_60min
0.1,0.2,4011,0.16047755926677496,0.09947643979057591,0.061001119476199045,np025,60,weather,downward_arrival_le_60min
0.2,0.30000000000000004,1673,0.23288175314508777,0.09085475194261805,0.14202700120246972,np025,60,weather,downward_arrival_le_60min
0.30000000000000004,0.4,502,0.34651935312172916,0.09760956175298804,0.2489097913687411,np025,60,weather,downward_arrival_le_60min
0.4,0.5,233,0.4404560407162988,0.11587982832618025,0.3245762123901185,np025,60,weather,downward_arrival_le_60min
0.5,0.6000000000000001,53,0.5321553862204785,0.1509433962264151,0.38121198999406347,np025,60,weather,downward_arrival_le_60min
0.6000000000000001,0.7000000000000001,17,0.6203564073840161,0.058823529411764705,0.5615328779722514,np025,60,weather,downward_arrival_le_60min
0.0,0.1,3624,0.056975608400143714,0.02262693156732892,0.0343486768328148,np025,60,joint,downward_arrival_le_60min
0.1,0.2,1622,0.13977178052943023,0.08323057953144267,0.05654120099798757,np025,60,joint,downward_arrival_le_60min
0.2,0.30000000000000004,868,0.2505680711206429,0.16820276497695852,0.08236530614368437,np025,60,joint,downward_arrival_le_60min
0.30000000000000004,0.4,684,0.34359284470753493,0.2997076023391813,0.043885242368353616,np025,60,joint,downward_arrival_le_60min
0.4,0.5,174,0.4341018636217252,0.41379310344827586,0.020308760173449347,np025,60,joint,downward_arrival_le_60min
0.5,0.6000000000000001,24,0.5260461990755799,0.3333333333333333,0.1927128657422466,np025,60,joint,downward_arrival_le_60min
0.0,0.1,2402,0.06445876496595133,0.025811823480432972,0.038646941485518366,np025,120,power,downward_arrival_le_60min
0.1,0.2,2913,0.14191945695576746,0.06797116374871266,0.0739482932070548,np025,120,power,downward_arrival_le_60min
0.2,0.30000000000000004,1238,0.24209922215938953,0.20274636510500807,0.03935285705438146,np025,120,power,downward_arrival_le_60min
0.30000000000000004,0.4,350,0.336335129245448,0.31142857142857144,0.024906557816876562,np025,120,power,downward_arrival_le_60min
0.4,0.5,67,0.44000263110981686,0.29850746268656714,0.14149516842324972,np025,120,power,downward_arrival_le_60min
0.5,0.6000000000000001,24,0.5429479370525555,0.3333333333333333,0.2096146037192222,np025,120,power,downward_arrival_le_60min
0.6000000000000001,0.7000000000000001,2,0.6084206131967869,0.0,0.6084206131967869,np025,120,power,downward_arrival_le_60min
0.0,0.1,507,0.07894834093683294,0.023668639053254437,0.0552797018835785,np025,120,weather,downward_arrival_le_60min
0.1,0.2,4011,0.16047755926677496,0.09947643979057591,0.061001119476199045,np025,120,weather,downward_arrival_le_60min
0.2,0.30000000000000004,1673,0.23288175314508777,0.09085475194261805,0.14202700120246972,np025,120,weather,downward_arrival_le_60min
0.30000000000000004,0.4,502,0.34651935312172916,0.09760956175298804,0.2489097913687411,np025,120,weather,downward_arrival_le_60min
0.4,0.5,233,0.44045604071629885,0.11587982832618025,0.3245762123901186,np025,120,weather,downward_arrival_le_60min
0.5,0.6000000000000001,53,0.5321553862204785,0.1509433962264151,0.38121198999406347,np025,120,weather,downward_arrival_le_60min
0.6000000000000001,0.7000000000000001,17,0.6203564073840161,0.058823529411764705,0.5615328779722514,np025,120,weather,downward_arrival_le_60min
0.0,0.1,2535,0.050307086292496514,0.02445759368836292,0.025849492604133596,np025,120,joint,downward_arrival_le_60min
0.1,0.2,2481,0.1361464096371414,0.058444175735590485,0.0777022339015509,np025,120,joint,downward_arrival_le_60min
0.2,0.30000000000000004,1078,0.24818886814244817,0.18552875695732837,0.0626601111851198,np025,120,joint,downward_arrival_le_60min
0.30000000000000004,0.4,770,0.3423781623643656,0.2701298701298701,0.07224829223449547,np025,120,joint,downward_arrival_le_60min
0.4,0.5,110,0.4315758265960623,0.2636363636363636,0.1679394629596987,np025,120,joint,downward_arrival_le_60min
0.5,0.6000000000000001,22,0.5303446419124515,0.18181818181818182,0.34852646009426963,np025,120,joint,downward_arrival_le_60min
0.0,0.1,1118,0.0862119414891407,0.038461538461538464,0.04775040302760224,np025,240,power,downward_arrival_le_60min
0.1,0.2,3767,0.14232123474945163,0.06583488186886116,0.07648635288059047,np025,240,power,downward_arrival_le_60min
0.2,0.30000000000000004,1703,0.23883423542575297,0.15502055196711687,0.0838136834586361,np025,240,power,downward_arrival_le_60min
0.30000000000000004,0.4,327,0.33376247112358665,0.2415902140672783,0.09217225705630835,np025,240,power,downward_arrival_le_60min
0.4,0.5,66,0.4472174674654309,0.16666666666666666,0.28055080079876427,np025,240,power,downward_arrival_le_60min
0.5,0.6000000000000001,15,0.5131293221507328,0.2,0.3131293221507328,np025,240,power,downward_arrival_le_60min
0.0,0.1,507,0.07894834093683295,0.023668639053254437,0.055279701883578516,np025,240,weather,downward_arrival_le_60min
0.1,0.2,4011,0.16047755926677496,0.09947643979057591,0.061001119476199045,np025,240,weather,downward_arrival_le_60min
0.2,0.30000000000000004,1673,0.23288175314508774,0.09085475194261805,0.1420270012024697,np025,240,weather,downward_arrival_le_60min
0.30000000000000004,0.4,502,0.34651935312172916,0.09760956175298804,0.2489097913687411,np025,240,weather,downward_arrival_le_60min
0.4,0.5,233,0.4404560407162988,0.11587982832618025,0.3245762123901185,np025,240,weather,downward_arrival_le_60min
0.5,0.6000000000000001,53,0.5321553862204785,0.1509433962264151,0.38121198999406347,np025,240,weather,downward_arrival_le_60min
0.6000000000000001,0.7000000000000001,17,0.6203564073840161,0.058823529411764705,0.5615328779722514,np025,240,weather,downward_arrival_le_60min
0.0,0.1,3379,0.05339902711937853,0.044983722994968924,0.008415304124409606,np025,240,joint,downward_arrival_le_60min
0.1,0.2,2009,0.1414888831735648,0.08262817322050771,0.0588607099530571,np025,240,joint,downward_arrival_le_60min
0.2,0.30000000000000004,941,0.24780959932964342,0.20085015940488843,0.046959439924754987,np025,240,joint,downward_arrival_le_60min
0.30000000000000004,0.4,556,0.345145986523287,0.22122302158273383,0.12392296494055316,np025,240,joint,downward_arrival_le_60min
0.4,0.5,89,0.43270366275426103,0.16853932584269662,0.2641643369115644,np025,240,joint,downward_arrival_le_60min
0.5,0.6000000000000001,19,0.5315617748726414,0.15789473684210525,0.3736670380305362,np025,240,joint,downward_arrival_le_60min
0.6000000000000001,0.7000000000000001,3,0.6168227833826956,0.0,0.6168227833826956,np025,240,joint,downward_arrival_le_60min
0.0,0.1,651,0.08319839072552165,0.03686635944700461,0.046332031278517045,np025,480,power,downward_arrival_le_60min
0.1,0.2,3536,0.1490670349134457,0.08823529411764706,0.06083174079579863,np025,480,power,downward_arrival_le_60min
0.2,0.30000000000000004,2236,0.24102591781634788,0.1050983899821109,0.13592752783423698,np025,480,power,downward_arrival_le_60min
0.30000000000000004,0.4,477,0.3383658805761865,0.13626834381551362,0.20209753676067288,np025,480,power,downward_arrival_le_60min
0.4,0.5,92,0.4361701858317854,0.13043478260869565,0.3057354032230898,np025,480,power,downward_arrival_le_60min
0.5,0.6000000000000001,4,0.5174598559344801,0.0,0.5174598559344801,np025,480,power,downward_arrival_le_60min
0.0,0.1,507,0.07894834093683294,0.023668639053254437,0.0552797018835785,np025,480,weather,downward_arrival_le_60min
0.1,0.2,4011,0.16047755926677496,0.09947643979057591,0.061001119476199045,np025,480,weather,downward_arrival_le_60min
0.2,0.30000000000000004,1673,0.23288175314508777,0.09085475194261805,0.14202700120246972,np025,480,weather,downward_arrival_le_60min
0.30000000000000004,0.4,502,0.34651935312172916,0.09760956175298804,0.2489097913687411,np025,480,weather,downward_arrival_le_60min
0.4,0.5,233,0.4404560407162988,0.11587982832618025,0.3245762123901185,np025,480,weather,downward_arrival_le_60min
0.5,0.6000000000000001,53,0.5321553862204785,0.1509433962264151,0.38121198999406347,np025,480,weather,downward_arrival_le_60min
0.6000000000000001,0.7000000000000001,17,0.6203564073840161,0.058823529411764705,0.5615328779722514,np025,480,weather,downward_arrival_le_60min
0.0,0.1,2276,0.06585327465648276,0.061511423550087874,0.004341851106394887,np025,480,joint,downward_arrival_le_60min
0.1,0.2,2808,0.148769402258331,0.08048433048433049,0.0682850717740005,np025,480,joint,downward_arrival_le_60min
0.2,0.30000000000000004,1349,0.24272302387025155,0.13269088213491476,0.11003214173533679,np025,480,joint,downward_arrival_le_60min
0.30000000000000004,0.4,441,0.3375292141532442,0.18820861678004536,0.14932059737319886,np025,480,joint,downward_arrival_le_60min
0.4,0.5,79,0.43615313266647243,0.22784810126582278,0.20830503140064965,np025,480,joint,downward_arrival_le_60min
0.5,0.6000000000000001,36,0.5398935191585141,0.05555555555555555,0.48433796360295855,np025,480,joint,downward_arrival_le_60min
0.6000000000000001,0.7000000000000001,7,0.6273633497644523,0.0,0.6273633497644523,np025,480,joint,downward_arrival_le_60min
0.0,0.1,267,0.08848033435817997,0.0898876404494382,0.0014073060912582341,np025,720,power,downward_arrival_le_60min
0.1,0.2,3804,0.15531809607166314,0.08727655099894847,0.06804154507271466,np025,720,power,downward_arrival_le_60min
0.2,0.30000000000000004,1840,0.23595364076654887,0.10489130434782609,0.13106233641872278,np025,720,power,downward_arrival_le_60min
0.30000000000000004,0.4,666,0.3455139435309042,0.10810810810810811,0.23740583542279609,np025,720,power,downward_arrival_le_60min
0.4,0.5,407,0.44064350361445975,0.06633906633906633,0.3743044372753934,np025,720,power,downward_arrival_le_60min
0.5,0.6000000000000001,12,0.5152979011928771,0.0,0.5152979011928771,np025,720,power,downward_arrival_le_60min
0.0,0.1,507,0.07894834093683295,0.023668639053254437,0.055279701883578516,np025,720,weather,downward_arrival_le_60min
0.1,0.2,4011,0.16047755926677496,0.09947643979057591,0.061001119476199045,np025,720,weather,downward_arrival_le_60min
0.2,0.30000000000000004,1673,0.23288175314508777,0.09085475194261805,0.14202700120246972,np025,720,weather,downward_arrival_le_60min
0.30000000000000004,0.4,502,0.34651935312172916,0.09760956175298804,0.2489097913687411,np025,720,weather,downward_arrival_le_60min
0.4,0.5,233,0.44045604071629885,0.11587982832618025,0.3245762123901186,np025,720,weather,downward_arrival_le_60min
0.5,0.6000000000000001,53,0.5321553862204785,0.1509433962264151,0.38121198999406347,np025,720,weather,downward_arrival_le_60min
0.6000000000000001,0.7000000000000001,17,0.6203564073840161,0.058823529411764705,0.5615328779722514,np025,720,weather,downward_arrival_le_60min
0.0,0.1,376,0.07806387513771179,0.015957446808510637,0.06210642832920116,np025,720,joint,downward_arrival_le_60min
0.1,0.2,3942,0.15982574733745597,0.0943683409436834,0.06545740639377257,np025,720,joint,downward_arrival_le_60min
0.2,0.30000000000000004,1910,0.23719038221673278,0.09738219895287958,0.1398081832638532,np025,720,joint,downward_arrival_le_60min
0.30000000000000004,0.4,563,0.34133128565502213,0.10124333925399645,0.24008794640102568,np025,720,joint,downward_arrival_le_60min
0.4,0.5,164,0.4344954210220198,0.15853658536585366,0.2759588356561662,np025,720,joint,downward_arrival_le_60min
0.5,0.6000000000000001,40,0.536927940828783,0.025,0.511927940828783,np025,720,joint,downward_arrival_le_60min
0.6000000000000001,0.7000000000000001,1,0.6144004493938111,0.0,0.6144004493938111,np025,720,joint,downward_arrival_le_60min
0.0,0.1,2597,0.05036863477379993,0.02425876010781671,0.026109874665983218,np028,15,power,downward_arrival_le_60min
0.1,0.2,417,0.13597997262579675,0.09592326139088729,0.04005671123490946,np028,15,power,downward_arrival_le_60min
0.2,0.30000000000000004,272,0.2532565617122154,0.17279411764705882,0.08046244406515657,np028,15,power,downward_arrival_le_60min
0.30000000000000004,0.4,278,0.35021134268706783,0.2733812949640288,0.07683004772303903,np028,15,power,downward_arrival_le_60min
0.4,0.5,154,0.44262291035533097,0.3116883116883117,0.1309345986670193,np028,15,power,downward_arrival_le_60min
0.5,0.6000000000000001,43,0.5383298100265861,0.627906976744186,0.08957716671759997,np028,15,power,downward_arrival_le_60min
0.6000000000000001,0.7000000000000001,11,0.6332661020040145,0.2727272727272727,0.36053882927674175,np028,15,power,downward_arrival_le_60min
0.0,0.1,613,0.07150087042424028,0.06199021207177814,0.009510658352462134,np028,15,weather,downward_arrival_le_60min
0.1,0.2,1519,0.15671120567821048,0.06714944042132982,0.08956176525688066,np028,15,weather,downward_arrival_le_60min
0.2,0.30000000000000004,1108,0.24417667793216113,0.1164259927797834,0.12775068515237775,np028,15,weather,downward_arrival_le_60min
0.30000000000000004,0.4,323,0.3340330166023498,0.04953560371517028,0.2844974128871795,np028,15,weather,downward_arrival_le_60min
0.4,0.5,190,0.4423261001454094,0.07894736842105263,0.36337873172435675,np028,15,weather,downward_arrival_le_60min
0.5,0.6000000000000001,19,0.5354323339031175,0.21052631578947367,0.32490601811364384,np028,15,weather,downward_arrival_le_60min
0.0,0.1,2487,0.06025760970084655,0.019702452754322478,0.040555156946524076,np028,15,joint,downward_arrival_le_60min
0.1,0.2,404,0.14242018477623342,0.10643564356435643,0.03598454121187698,np028,15,joint,downward_arrival_le_60min
0.2,0.30000000000000004,232,0.25015857593448276,0.14224137931034483,0.10791719662413793,np028,15,joint,downward_arrival_le_60min
0.30000000000000004,0.4,261,0.35189407218251467,0.2222222222222222,0.12967184996029246,np028,15,joint,downward_arrival_le_60min
0.4,0.5,265,0.44933571646526965,0.26037735849056604,0.18895835797470362,np028,15,joint,downward_arrival_le_60min
0.5,0.6000000000000001,113,0.5279433156938286,0.415929203539823,0.11201411215400559,np028,15,joint,downward_arrival_le_60min
0.6000000000000001,0.7000000000000001,10,0.6153385964695846,0.5,0.11533859646958455,np028,15,joint,downward_arrival_le_60min
0.0,0.1,1460,0.07189475081676568,0.028082191780821917,0.04381255903594376,np028,60,power,downward_arrival_le_60min
0.1,0.2,1478,0.13271451176172297,0.06292286874154263,0.06979164302018034,np028,60,power,downward_arrival_le_60min
0.2,0.30000000000000004,407,0.25352660591264237,0.16707616707616707,0.0864504388364753,np028,60,power,downward_arrival_le_60min
0.30000000000000004,0.4,308,0.3430749031182644,0.19480519480519481,0.14826970831306957,np028,60,power,downward_arrival_le_60min
0.4,0.5,93,0.4391600150117073,0.34408602150537637,0.09507399350633094,np028,60,power,downward_arrival_le_60min
0.5,0.6000000000000001,25,0.5396295300362961,0.4,0.13962953003629608,np028,60,power,downward_arrival_le_60min
0.6000000000000001,0.7000000000000001,1,0.609674183760325,0.0,0.609674183760325,np028,60,power,downward_arrival_le_60min
0.0,0.1,613,0.07150087042424028,0.06199021207177814,0.009510658352462134,np028,60,weather,downward_arrival_le_60min
0.1,0.2,1519,0.15671120567821048,0.06714944042132982,0.08956176525688066,np028,60,weather,downward_arrival_le_60min
0.2,0.30000000000000004,1108,0.24417667793216113,0.1164259927797834,0.12775068515237775,np028,60,weather,downward_arrival_le_60min
0.30000000000000004,0.4,323,0.3340330166023498,0.04953560371517028,0.2844974128871795,np028,60,weather,downward_arrival_le_60min
0.4,0.5,190,0.4423261001454094,0.07894736842105263,0.36337873172435675,np028,60,weather,downward_arrival_le_60min
0.5,0.6000000000000001,19,0.5354323339031174,0.21052631578947367,0.3249060181136437,np028,60,weather,downward_arrival_le_60min
0.0,0.1,1394,0.07749996570937927,0.027259684361549498,0.05024028134782977,np028,60,joint,downward_arrival_le_60min
0.1,0.2,1374,0.1379330177293109,0.06331877729257641,0.0746142404367345,np028,60,joint,downward_arrival_le_60min
0.2,0.30000000000000004,327,0.24913202063318216,0.09785932721712538,0.15127269341605676,np028,60,joint,downward_arrival_le_60min
0.30000000000000004,0.4,426,0.3523320852809532,0.1643192488262911,0.18801283645466213,np028,60,joint,downward_arrival_le_60min
0.4,0.5,232,0.4404634588603598,0.3232758620689655,0.11718759679139429,np028,60,joint,downward_arrival_le_60min
0.5,0.6000000000000001,19,0.5190191737183252,0.10526315789473684,0.41375601582358834,np028,60,joint,downward_arrival_le_60min
0.0,0.1,899,0.07997372200347652,0.03337041156840934,0.04660331043506718,np028,120,power,downward_arrival_le_60min
0.1,0.2,1897,0.14347597360167078,0.05693199789140749,0.08654397571026329,np028,120,power,downward_arrival_le_60min
0.2,0.30000000000000004,624,0.242435883050009,0.14583333333333334,0.09660254971667565,np028,120,power,downward_arrival_le_60min
0.30000000000000004,0.4,259,0.3408079241177481,0.19305019305019305,0.14775773106755502,np028,120,power,downward_arrival_le_60min
0.4,0.5,77,0.44120267185300494,0.2727272727272727,0.16847539912573223,np028,120,power,downward_arrival_le_60min
0.5,0.6000000000000001,16,0.5292082240813185,0.25,0.2792082240813185,np028,120,power,downward_arrival_le_60min
0.0,0.1,613,0.07150087042424028,0.06199021207177814,0.009510658352462134,np028,120,weather,downward_arrival_le_60min
0.1,0.2,1519,0.15671120567821048,0.06714944042132982,0.08956176525688066,np028,120,weather,downward_arrival_le_60min
0.2,0.30000000000000004,1108,0.24417667793216108,0.1164259927797834,0.1277506851523777,np028,120,weather,downward_arrival_le_60min
0.30000000000000004,0.4,323,0.3340330166023498,0.04953560371517028,0.2844974128871795,np028,120,weather,downward_arrival_le_60min
0.4,0.5,190,0.4423261001454093,0.07894736842105263,0.36337873172435664,np028,120,weather,downward_arrival_le_60min
0.5,0.6000000000000001,19,0.5354323339031174,0.21052631578947367,0.3249060181136437,np028,120,weather,downward_arrival_le_60min
0.0,0.1,1011,0.081685977048493,0.026706231454005934,0.05497974559448706,np028,120,joint,downward_arrival_le_60min
0.1,0.2,1439,0.14290768356542405,0.057678943710910355,0.0852287398545137,np028,120,joint,downward_arrival_le_60min
0.2,0.30000000000000004,657,0.24290372838564586,0.1156773211567732,0.12722640722887266,np028,120,joint,downward_arrival_le_60min
0.30000000000000004,0.4,557,0.3428820597877288,0.15798922800718132,0.18489283178054747,np028,120,joint,downward_arrival_le_60min
0.4,0.5,89,0.43793576521856387,0.3146067415730337,0.12332902364553017,np028,120,joint,downward_arrival_le_60min
0.5,0.6000000000000001,19,0.5239654703510065,0.10526315789473684,0.41870231245626965,np028,120,joint,downward_arrival_le_60min
0.0,0.1,86,0.08308509668351821,0.023255813953488372,0.05982928273002984,np028,240,power,downward_arrival_le_60min
0.1,0.2,2227,0.15509731060792928,0.05612932195779075,0.09896798865013853,np028,240,power,downward_arrival_le_60min
0.2,0.30000000000000004,1127,0.24234811244875692,0.11002661934338953,0.1323214931053674,np028,240,power,downward_arrival_le_60min
0.30000000000000004,0.4,275,0.3295487265823944,0.14181818181818182,0.1877305447642126,np028,240,power,downward_arrival_le_60min
0.4,0.5,54,0.44755076535677807,0.24074074074074073,0.20681002461603734,np028,240,power,downward_arrival_le_60min
0.5,0.6000000000000001,3,0.5100423478507103,0.3333333333333333,0.17670901451737703,np028,240,power,downward_arrival_le_60min
0.0,0.1,593,0.0699280637133007,0.06239460370994941,0.007533460003351283,np028,240,weather,downward_arrival_le_60min
0.1,0.2,1477,0.15734629824331642,0.06838185511171294,0.08896444313160348,np028,240,weather,downward_arrival_le_60min
0.2,0.30000000000000004,1154,0.24345219436424154,0.11611785095320624,0.12733434341103528,np028,240,weather,downward_arrival_le_60min
0.30000000000000004,0.4,328,0.33808432929300625,0.03353658536585366,0.30454774392715256,np028,240,weather,downward_arrival_le_60min
0.4,0.5,192,0.45094201670067297,0.09895833333333333,0.35198368336733965,np028,240,weather,downward_arrival_le_60min
0.5,0.6000000000000001,27,0.5457083215122539,0.07407407407407407,0.47163424743817983,np028,240,weather,downward_arrival_le_60min
0.6000000000000001,0.7000000000000001,1,0.6018222700722626,0.0,0.6018222700722626,np028,240,weather,downward_arrival_le_60min
0.0,0.1,262,0.0886727685874427,0.04198473282442748,0.04668803576301522,np028,240,joint,downward_arrival_le_60min
0.1,0.2,1735,0.14815611576286775,0.05014409221902017,0.09801202354384758,np028,240,joint,downward_arrival_le_60min
0.2,0.30000000000000004,1236,0.24647996801248634,0.10517799352750809,0.14130197448497825,np028,240,joint,downward_arrival_le_60min
0.30000000000000004,0.4,471,0.3340295943205392,0.14012738853503184,0.19390220578550735,np028,240,joint,downward_arrival_le_60min
0.4,0.5,60,0.4306800419745106,0.13333333333333333,0.2973467086411773,np028,240,joint,downward_arrival_le_60min
0.5,0.6000000000000001,8,0.5202696338969979,0.25,0.2702696338969979,np028,240,joint,downward_arrival_le_60min
0.0,0.1,137,0.08996197094256422,0.043795620437956206,0.04616635050460802,np028,480,power,downward_arrival_le_60min
0.1,0.2,1677,0.15702081441607652,0.08407871198568873,0.07294210243038779,np028,480,power,downward_arrival_le_60min
0.2,0.30000000000000004,1492,0.24210761361462785,0.07506702412868632,0.16704058948594153,np028,480,power,downward_arrival_le_60min
0.30000000000000004,0.4,405,0.3382719565443524,0.08148148148148149,0.2567904750628709,np028,480,power,downward_arrival_le_60min
0.4,0.5,56,0.4345320512904288,0.17857142857142858,0.2559606227190002,np028,480,power,downward_arrival_le_60min
0.5,0.6000000000000001,5,0.534803321763573,0.4,0.13480332176357301,np028,480,power,downward_arrival_le_60min
0.0,0.1,562,0.07075138160854257,0.06227758007117438,0.008473801537368188,np028,480,weather,downward_arrival_le_60min
0.1,0.2,1441,0.15841671178127423,0.07147814018043026,0.08693857160084396,np028,480,weather,downward_arrival_le_60min
0.2,0.30000000000000004,1245,0.2434495808705444,0.10763052208835341,0.135819058782191,np028,480,weather,downward_arrival_le_60min
0.30000000000000004,0.4,303,0.335716454814788,0.039603960396039604,0.29611249441874843,np028,480,weather,downward_arrival_le_60min
0.4,0.5,195,0.44726500228969085,0.09230769230769231,0.35495730998199854,np028,480,weather,downward_arrival_le_60min
0.5,0.6000000000000001,26,0.5370050000354204,0.07692307692307693,0.46008192311234347,np028,480,weather,downward_arrival_le_60min
0.0,0.1,102,0.0866272800962672,0.049019607843137254,0.03760767225312995,np028,480,joint,downward_arrival_le_60min
0.1,0.2,1709,0.15812600575410682,0.06963136337039204,0.08849464238371478,np028,480,joint,downward_arrival_le_60min
0.2,0.30000000000000004,1652,0.24017366616017555,0.0841404358353511,0.15603323032482447,np028,480,joint,downward_arrival_le_60min
0.30000000000000004,0.4,245,0.3377933170316514,0.1346938775510204,0.20309943948063097,np028,480,joint,downward_arrival_le_60min
0.4,0.5,64,0.42684531424070893,0.125,0.30184531424070893,np028,480,joint,downward_arrival_le_60min
0.0,0.1,24,0.09374547556624825,0.25,0.15625452443375176,np028,720,power,downward_arrival_le_60min
0.1,0.2,1487,0.16032475938097768,0.05110961667787491,0.10921514270310276,np028,720,power,downward_arrival_le_60min
0.2,0.30000000000000004,1604,0.2442028139605704,0.09476309226932668,0.1494397216912437,np028,720,power,downward_arrival_le_60min
0.30000000000000004,0.4,433,0.336024081958442,0.11316397228637413,0.22286010967206787,np028,720,power,downward_arrival_le_60min
0.4,0.5,139,0.44285480186589465,0.1079136690647482,0.33494113280114646,np028,720,power,downward_arrival_le_60min
0.5,0.6000000000000001,85,0.5454463474473612,0.07058823529411765,0.4748581121532436,np028,720,power,downward_arrival_le_60min
0.0,0.1,603,0.06961892408331054,0.05804311774461028,0.011575806338700256,np028,720,weather,downward_arrival_le_60min
0.1,0.2,1470,0.15974356192743988,0.0707482993197279,0.08899526260771198,np028,720,weather,downward_arrival_le_60min
0.2,0.30000000000000004,1173,0.24273899389433862,0.11167945439045183,0.13105953950388677,np028,720,weather,downward_arrival_le_60min
0.30000000000000004,0.4,308,0.33604225008608574,0.03896103896103896,0.29708121112504676,np028,720,weather,downward_arrival_le_60min
0.4,0.5,188,0.45157839654069737,0.11170212765957446,0.3398762688811229,np028,720,weather,downward_arrival_le_60min
0.5,0.6000000000000001,28,0.529452874907462,0.03571428571428571,0.49373858919317626,np028,720,weather,downward_arrival_le_60min
0.6000000000000001,0.7000000000000001,2,0.6036133796210169,0.0,0.6036133796210169,np028,720,weather,downward_arrival_le_60min
0.0,0.1,81,0.08859975616476157,0.07407407407407407,0.014525682090687497,np028,720,joint,downward_arrival_le_60min
0.1,0.2,1598,0.15487161557464077,0.05819774718397998,0.09667386839066079,np028,720,joint,downward_arrival_le_60min
0.2,0.30000000000000004,1570,0.24404661540418646,0.10573248407643313,0.13831413132775333,np028,720,joint,downward_arrival_le_60min
0.30000000000000004,0.4,308,0.33480747641505776,0.05519480519480519,0.2796126712202526,np028,720,joint,downward_arrival_le_60min
0.4,0.5,183,0.45400866489919595,0.08743169398907104,0.3665769709101249,np028,720,joint,downward_arrival_le_60min
0.5,0.6000000000000001,32,0.5293881344688014,0.1875,0.3418881344688014,np028,720,joint,downward_arrival_le_60min
