package,lead_minutes,run_type,event_seed,timing_seed,seed_label,arm,task,metric,absolute_score,relative_vs_frequency_pct,frequency_score,windows,valid_windows,positive_events
np025,15,primary,41,43,event41_timing43,power20,state,return_brier,0.16010054456176206,11.75994252514233,0.18143748898552076,6996,6996,2653
np025,15,primary,41,43,event41_timing43,power20,state,multiclass_brier,0.5756118546472161,16.838106481511605,0.6921581872342134,6996,6996,2653
np025,15,primary,41,43,event41_timing43,power20,downward_timing,conditional_rps,0.154843951975543,6.625418345044287,0.16583094588603695,6996,2653,2653
np025,15,primary,41,43,event41_timing43,power20,downward_timing,conditional_median_mae_minutes,50.95929136826234,7.644225842811769,55.17715793441387,6996,2653,2653
np025,15,primary,41,43,event41_timing43,weather_raw72,state,return_brier,0.1742540623489306,3.9591744113937843,0.18143748898552076,6996,6996,2653
np025,15,primary,41,43,event41_timing43,weather_raw72,state,multiclass_brier,0.6230270811592974,9.987761085533952,0.6921581872342134,6996,6996,2653
np025,15,primary,41,43,event41_timing43,weather_raw72,downward_timing,conditional_rps,0.17093569327677635,-3.078283949635985,0.16583094588603695,6996,2653,2653
np025,15,primary,41,43,event41_timing43,weather_raw72,downward_timing,conditional_median_mae_minutes,56.66415378816434,-2.6949482528947577,55.17715793441387,6996,2653,2653
np025,15,primary,41,43,event41_timing43,joint_raw88,state,return_brier,0.16449797913072148,9.336278819506315,0.18143748898552076,6996,6996,2653
np025,15,primary,41,43,event41_timing43,joint_raw88,state,multiclass_brier,0.5615382004618155,18.871406736419715,0.6921581872342134,6996,6996,2653
np025,15,primary,41,43,event41_timing43,joint_raw88,downward_timing,conditional_rps,0.1535572482658362,7.401331250100651,0.16583094588603695,6996,2653,2653
np025,15,primary,41,43,event41_timing43,joint_raw88,downward_timing,conditional_median_mae_minutes,50.399547681869585,8.65867404447176,55.17715793441387,6996,2653,2653
np025,15,primary,41,43,event41_timing43,weather_summary20,state,return_brier,0.1703910028724853,6.08831514082352,0.18143748898552076,6996,6996,2653
np025,15,primary,41,43,event41_timing43,weather_summary20,state,multiclass_brier,0.6079216173517908,12.170132700304027,0.6921581872342134,6996,6996,2653
np025,15,primary,41,43,event41_timing43,weather_summary20,downward_timing,conditional_rps,0.16706048694034722,-0.7414424658442442,0.16583094588603695,6996,2653,2653
np025,15,primary,41,43,event41_timing43,weather_summary20,downward_timing,conditional_median_mae_minutes,56.03090840557859,-1.5472896813198078,55.17715793441387,6996,2653,2653
np025,15,primary,41,43,event41_timing43,weather_projection20,state,return_brier,0.174518749238684,3.8132911701555194,0.18143748898552076,6996,6996,2653
np025,15,primary,41,43,event41_timing43,weather_projection20,state,multiclass_brier,0.6167145609354427,10.899766511501507,0.6921581872342134,6996,6996,2653
np025,15,primary,41,43,event41_timing43,weather_projection20,downward_timing,conditional_rps,0.17193216936764882,-3.6791827056240622,0.16583094588603695,6996,2653,2653
np025,15,primary,41,43,event41_timing43,weather_projection20,downward_timing,conditional_median_mae_minutes,57.715793441387106,-4.600881237831733,55.17715793441387,6996,2653,2653
np025,15,primary,41,43,event41_timing43,noise20,state,return_brier,0.20754445663902388,-14.388959966033553,0.18143748898552076,6996,6996,2653
np025,15,primary,41,43,event41_timing43,noise20,state,multiclass_brier,0.8420819801654333,-21.660336567035145,0.6921581872342134,6996,6996,2653
np025,15,primary,41,43,event41_timing43,noise20,downward_timing,conditional_rps,0.1678359861173964,-1.2090868930684229,0.16583094588603695,6996,2653,2653
np025,15,primary,41,43,event41_timing43,noise20,downward_timing,conditional_median_mae_minutes,56.15529589144365,-1.7727226150220377,55.17715793441387,6996,2653,2653
np025,15,primary,41,43,event41_timing43,power_weather_summary40,state,return_brier,0.16000988784276468,11.809908339541709,0.18143748898552076,6996,6996,2653
np025,15,primary,41,43,event41_timing43,power_weather_summary40,state,multiclass_brier,0.5451432304965822,21.24008058404777,0.6921581872342134,6996,6996,2653
np025,15,primary,41,43,event41_timing43,power_weather_summary40,downward_timing,conditional_rps,0.15390725214444567,7.190270596288784,0.16583094588603695,6996,2653,2653
np025,15,primary,41,43,event41_timing43,power_weather_summary40,downward_timing,conditional_median_mae_minutes,50.55785902751602,8.37175940157804,55.17715793441387,6996,2653,2653
np025,15,primary,41,43,event41_timing43,power_weather_projection40,state,return_brier,0.16202424106813748,10.699689477587793,0.18143748898552076,6996,6996,2653
np025,15,primary,41,43,event41_timing43,power_weather_projection40,state,multiclass_brier,0.5574140648124307,19.467243891198503,0.6921581872342134,6996,6996,2653
np025,15,primary,41,43,event41_timing43,power_weather_projection40,downward_timing,conditional_rps,0.15611927783955684,5.8563665512432195,0.16583094588603695,6996,2653,2653
np025,15,primary,41,43,event41_timing43,power_weather_projection40,downward_timing,conditional_median_mae_minutes,51.72823218997362,6.250640434470734,55.17715793441387,6996,2653,2653
np025,15,primary,41,43,event41_timing43,power_noise40,state,return_brier,0.16014840899480545,11.733561850833507,0.18143748898552076,6996,6996,2653
np025,15,primary,41,43,event41_timing43,power_noise40,state,multiclass_brier,0.580364626402148,16.151446720406494,0.6921581872342134,6996,6996,2653
np025,15,primary,41,43,event41_timing43,power_noise40,downward_timing,conditional_rps,0.15340501600904577,7.49313091751318,0.16583094588603695,6996,2653,2653
np025,15,primary,41,43,event41_timing43,power_noise40,downward_timing,conditional_median_mae_minutes,50.80663399924614,7.920893534173579,55.17715793441387,6996,2653,2653
np025,60,primary,41,43,event41_timing43,power20,state,return_brier,0.16415439643544236,9.524215559196826,0.18143462082149273,6996,6996,2653
np025,60,primary,41,43,event41_timing43,power20,state,multiclass_brier,0.60008963726144,13.300931766262359,0.6921523489083176,6996,6996,2653
np025,60,primary,41,43,event41_timing43,power20,downward_timing,conditional_rps,0.16142663523709064,2.6559039541226848,0.16583094588603695,6996,2653,2653
np025,60,primary,41,43,event41_timing43,power20,downward_timing,conditional_median_mae_minutes,53.4074632491519,3.2072958294907306,55.17715793441387,6996,2653,2653
np025,60,primary,41,43,event41_timing43,weather_raw72,state,return_brier,0.1743559088960284,3.9015221534972833,0.18143462082149273,6996,6996,2653
np025,60,primary,41,43,event41_timing43,weather_raw72,state,multiclass_brier,0.6233387934626264,9.941966613885779,0.6921523489083176,6996,6996,2653
np025,60,primary,41,43,event41_timing43,weather_raw72,downward_timing,conditional_rps,0.17093569327677635,-3.078283949635985,0.16583094588603695,6996,2653,2653
np025,60,primary,41,43,event41_timing43,weather_raw72,downward_timing,conditional_median_mae_minutes,56.66415378816434,-2.6949482528947577,55.17715793441387,6996,2653,2653
np025,60,primary,41,43,event41_timing43,joint_raw88,state,return_brier,0.16640052545262962,8.286232969646202,0.18143462082149273,6996,6996,2653
np025,60,primary,41,43,event41_timing43,joint_raw88,state,multiclass_brier,0.5833765109543664,15.715591823897668,0.6921523489083176,6996,6996,2653
np025,60,primary,41,43,event41_timing43,joint_raw88,downward_timing,conditional_rps,0.16012517778235938,3.4407137179321867,0.16583094588603695,6996,2653,2653
np025,60,primary,41,43,event41_timing43,joint_raw88,downward_timing,conditional_median_mae_minutes,52.84206558612891,4.231990982682654,55.17715793441387,6996,2653,2653
np025,60,primary,41,43,event41_timing43,weather_summary20,state,return_brier,0.17052655421091775,6.0121197162844915,0.18143462082149273,6996,6996,2653
np025,60,primary,41,43,event41_timing43,weather_summary20,state,multiclass_brier,0.6074099916818122,12.243309924493273,0.6921523489083176,6996,6996,2653
np025,60,primary,41,43,event41_timing43,weather_summary20,downward_timing,conditional_rps,0.16706048694034722,-0.7414424658442442,0.16583094588603695,6996,2653,2653
np025,60,primary,41,43,event41_timing43,weather_summary20,downward_timing,conditional_median_mae_minutes,56.03090840557859,-1.5472896813198078,55.17715793441387,6996,2653,2653
np025,60,primary,41,43,event41_timing43,weather_projection20,state,return_brier,0.17486315193733398,3.6219486966736048,0.18143462082149273,6996,6996,2653
np025,60,primary,41,43,event41_timing43,weather_projection20,state,multiclass_brier,0.6174784740563156,10.788647177139499,0.6921523489083176,6996,6996,2653
np025,60,primary,41,43,event41_timing43,weather_projection20,downward_timing,conditional_rps,0.17216713257815885,-3.820871103561263,0.16583094588603695,6996,2653,2653
np025,60,primary,41,43,event41_timing43,weather_projection20,downward_timing,conditional_median_mae_minutes,57.76667923105918,-4.693103801619025,55.17715793441387,6996,2653,2653
np025,60,primary,41,43,event41_timing43,noise20,state,return_brier,0.2063988558715354,-13.759355814789132,0.18143462082149273,6996,6996,2653
np025,60,primary,41,43,event41_timing43,noise20,state,multiclass_brier,0.8341783859943953,-20.519476284388148,0.6921523489083176,6996,6996,2653
np025,60,primary,41,43,event41_timing43,noise20,downward_timing,conditional_rps,0.1678359861173964,-1.2090868930684229,0.16583094588603695,6996,2653,2653
np025,60,primary,41,43,event41_timing43,noise20,downward_timing,conditional_median_mae_minutes,56.15529589144365,-1.7727226150220377,55.17715793441387,6996,2653,2653
np025,60,primary,41,43,event41_timing43,power_weather_summary40,state,return_brier,0.16420810060259097,9.494615824093644,0.18143462082149273,6996,6996,2653
np025,60,primary,41,43,event41_timing43,power_weather_summary40,state,multiclass_brier,0.5686151836902011,17.8482620788563,0.6921523489083176,6996,6996,2653
np025,60,primary,41,43,event41_timing43,power_weather_summary40,downward_timing,conditional_rps,0.16107650731989115,2.867039406151106,0.16583094588603695,6996,2653,2653
np025,60,primary,41,43,event41_timing43,power_weather_summary40,downward_timing,conditional_median_mae_minutes,53.39050131926121,3.238036684086487,55.17715793441387,6996,2653,2653
np025,60,primary,41,43,event41_timing43,power_weather_projection40,state,return_brier,0.16553950277198465,8.760796576496134,0.18143462082149273,6996,6996,2653
np025,60,primary,41,43,event41_timing43,power_weather_projection40,state,multiclass_brier,0.5764798604559942,16.71199825222949,0.6921523489083176,6996,6996,2653
np025,60,primary,41,43,event41_timing43,power_weather_projection40,downward_timing,conditional_rps,0.16214888881556447,2.2203678877902977,0.16583094588603695,6996,2653,2653
np025,60,primary,41,43,event41_timing43,power_weather_projection40,downward_timing,conditional_median_mae_minutes,53.70147003392386,2.6744543498309237,55.17715793441387,6996,2653,2653
np025,60,primary,41,43,event41_timing43,power_noise40,state,return_brier,0.163879679141166,9.675629491682535,0.18143462082149273,6996,6996,2653
np025,60,primary,41,43,event41_timing43,power_noise40,state,multiclass_brier,0.6027957558848573,12.909960236990592,0.6921523489083176,6996,6996,2653
np025,60,primary,41,43,event41_timing43,power_noise40,downward_timing,conditional_rps,0.1602887517862036,3.3420747076013613,0.16583094588603695,6996,2653,2653
np025,60,primary,41,43,event41_timing43,power_noise40,downward_timing,conditional_median_mae_minutes,52.94383716547305,4.047545855108103,55.17715793441387,6996,2653,2653
np025,120,primary,41,43,event41_timing43,power20,state,return_brier,0.16658046313415645,8.18512310878029,0.1814307972459816,6996,6996,2653
np025,120,primary,41,43,event41_timing43,power20,state,multiclass_brier,0.6156173907040825,11.056532829143517,0.6921445838416762,6996,6996,2653
np025,120,primary,41,43,event41_timing43,power20,downward_timing,conditional_rps,0.1644505466017027,0.832413562473977,0.16583094588603695,6996,2653,2653
np025,120,primary,41,43,event41_timing43,power20,downward_timing,conditional_median_mae_minutes,54.47041085563513,1.28086894148991,55.17715793441387,6996,2653,2653
np025,120,primary,41,43,event41_timing43,weather_raw72,state,return_brier,0.17432919633063296,3.9142202002895754,0.1814307972459816,6996,6996,2653
np025,120,primary,41,43,event41_timing43,weather_raw72,state,multiclass_brier,0.6234666049022265,9.922490263271266,0.6921445838416762,6996,6996,2653
np025,120,primary,41,43,event41_timing43,weather_raw72,downward_timing,conditional_rps,0.17093569327677635,-3.078283949635985,0.16583094588603695,6996,2653,2653
np025,120,primary,41,43,event41_timing43,weather_raw72,downward_timing,conditional_median_mae_minutes,56.66415378816434,-2.6949482528947577,55.17715793441387,6996,2653,2653
np025,120,primary,41,43,event41_timing43,joint_raw88,state,return_brier,0.16597148369552853,8.520776949182185,0.1814307972459816,6996,6996,2653
np025,120,primary,41,43,event41_timing43,joint_raw88,state,multiclass_brier,0.5925626901686234,14.38744100550985,0.6921445838416762,6996,6996,2653
np025,120,primary,41,43,event41_timing43,joint_raw88,downward_timing,conditional_rps,0.16748046926308877,-0.9947017839393002,0.16583094588603695,6996,2653,2653
np025,120,primary,41,43,event41_timing43,joint_raw88,downward_timing,conditional_median_mae_minutes,55.635130041462496,-0.8300030740854725,55.17715793441387,6996,2653,2653
np025,120,primary,41,43,event41_timing43,weather_summary20,state,return_brier,0.17034499875244782,6.110207672462464,0.1814307972459816,6996,6996,2653
np025,120,primary,41,43,event41_timing43,weather_summary20,state,multiclass_brier,0.6071829162190281,12.275132913859888,0.6921445838416762,6996,6996,2653
np025,120,primary,41,43,event41_timing43,weather_summary20,downward_timing,conditional_rps,0.16706048694034722,-0.7414424658442442,0.16583094588603695,6996,2653,2653
np025,120,primary,41,43,event41_timing43,weather_summary20,downward_timing,conditional_median_mae_minutes,56.03090840557859,-1.5472896813198078,55.17715793441387,6996,2653,2653
np025,120,primary,41,43,event41_timing43,weather_projection20,state,return_brier,0.17447691185187963,3.83280319529985,0.1814307972459816,6996,6996,2653
np025,120,primary,41,43,event41_timing43,weather_projection20,state,multiclass_brier,0.617100577982816,10.842244180014571,0.6921445838416762,6996,6996,2653
np025,120,primary,41,43,event41_timing43,weather_projection20,downward_timing,conditional_rps,0.17221270955882576,-3.848355105671608,0.16583094588603695,6996,2653,2653
np025,120,primary,41,43,event41_timing43,weather_projection20,downward_timing,conditional_median_mae_minutes,57.930644553335846,-4.99026539604468,55.17715793441387,6996,2653,2653
np025,120,primary,41,43,event41_timing43,noise20,state,return_brier,0.20660376042590406,-13.874691376565607,0.1814307972459816,6996,6996,2653
np025,120,primary,41,43,event41_timing43,noise20,state,multiclass_brier,0.8353830085375747,-20.694870412893884,0.6921445838416762,6996,6996,2653
np025,120,primary,41,43,event41_timing43,noise20,downward_timing,conditional_rps,0.1678359861173964,-1.2090868930684229,0.16583094588603695,6996,2653,2653
np025,120,primary,41,43,event41_timing43,noise20,downward_timing,conditional_median_mae_minutes,56.15529589144365,-1.7727226150220377,55.17715793441387,6996,2653,2653
np025,120,primary,41,43,event41_timing43,power_weather_summary40,state,return_brier,0.1655935062598898,8.72910841295582,0.1814307972459816,6996,6996,2653
np025,120,primary,41,43,event41_timing43,power_weather_summary40,state,multiclass_brier,0.5813216821508707,16.011524799586617,0.6921445838416762,6996,6996,2653
np025,120,primary,41,43,event41_timing43,power_weather_summary40,downward_timing,conditional_rps,0.16417934409696452,0.9959551157643687,0.16583094588603695,6996,2653,2653
np025,120,primary,41,43,event41_timing43,power_weather_summary40,downward_timing,conditional_median_mae_minutes,54.340369393139845,1.5165488267240401,55.17715793441387,6996,2653,2653
np025,120,primary,41,43,event41_timing43,power_weather_projection40,state,return_brier,0.168081202211671,7.35795423762119,0.1814307972459816,6996,6996,2653
np025,120,primary,41,43,event41_timing43,power_weather_projection40,state,multiclass_brier,0.5920777728073544,14.457501130603578,0.6921445838416762,6996,6996,2653
np025,120,primary,41,43,event41_timing43,power_weather_projection40,downward_timing,conditional_rps,0.16568929158068998,0.08542091139268626,0.16583094588603695,6996,2653,2653
np025,120,primary,41,43,event41_timing43,power_weather_projection40,downward_timing,conditional_median_mae_minutes,54.97361477572559,0.36889025514909024,55.17715793441387,6996,2653,2653
np025,120,primary,41,43,event41_timing43,power_noise40,state,return_brier,0.16701160693711598,7.947487707567236,0.1814307972459816,6996,6996,2653
np025,120,primary,41,43,event41_timing43,power_noise40,state,multiclass_brier,0.6199496416420005,10.430615782466324,0.6921445838416762,6996,6996,2653
np025,120,primary,41,43,event41_timing43,power_noise40,downward_timing,conditional_rps,0.16272214401304502,1.8746813849378707,0.16583094588603695,6996,2653,2653
np025,120,primary,41,43,event41_timing43,power_noise40,downward_timing,conditional_median_mae_minutes,54.31209950998869,1.5677835843836418,55.17715793441387,6996,2653,2653
np025,240,primary,41,43,event41_timing43,power20,state,return_brier,0.1733884809493932,4.428691297065113,0.18142315230645012,6996,6996,2653
np025,240,primary,41,43,event41_timing43,power20,state,multiclass_brier,0.6440337500421701,6.948901406810082,0.6921291202136378,6996,6996,2653
np025,240,primary,41,43,event41_timing43,power20,downward_timing,conditional_rps,0.16666954805004194,-0.5056970274904593,0.16583094588603695,6996,2653,2653
np025,240,primary,41,43,event41_timing43,power20,downward_timing,conditional_median_mae_minutes,55.459856765925366,-0.5123475765959729,55.17715793441387,6996,2653,2653
np025,240,primary,41,43,event41_timing43,weather_raw72,state,return_brier,0.1742170677238427,3.9719762836196826,0.18142315230645012,6996,6996,2653
np025,240,primary,41,43,event41_timing43,weather_raw72,state,multiclass_brier,0.6234192481864582,9.927319920590982,0.6921291202136378,6996,6996,2653
np025,240,primary,41,43,event41_timing43,weather_raw72,downward_timing,conditional_rps,0.17093569327677635,-3.078283949635985,0.16583094588603695,6996,2653,2653
np025,240,primary,41,43,event41_timing43,weather_raw72,downward_timing,conditional_median_mae_minutes,56.66415378816434,-2.6949482528947577,55.17715793441387,6996,2653,2653
np025,240,primary,41,43,event41_timing43,joint_raw88,state,return_brier,0.17218662680462932,5.091150376562171,0.18142315230645012,6996,6996,2653
np025,240,primary,41,43,event41_timing43,joint_raw88,state,multiclass_brier,0.6101653943130622,11.842259414728296,0.6921291202136378,6996,6996,2653
np025,240,primary,41,43,event41_timing43,joint_raw88,downward_timing,conditional_rps,0.18255613277274932,-10.085685031433345,0.16583094588603695,6996,2653,2653
np025,240,primary,41,43,event41_timing43,joint_raw88,downward_timing,conditional_median_mae_minutes,60.288352808141724,-9.263244184855001,55.17715793441387,6996,2653,2653
np025,240,primary,41,43,event41_timing43,weather_summary20,state,return_brier,0.17064278408832095,5.942112724355908,0.18142315230645012,6996,6996,2653
np025,240,primary,41,43,event41_timing43,weather_summary20,state,multiclass_brier,0.6071711829707771,12.274868194627754,0.6921291202136378,6996,6996,2653
np025,240,primary,41,43,event41_timing43,weather_summary20,downward_timing,conditional_rps,0.16706048694034722,-0.7414424658442442,0.16583094588603695,6996,2653,2653
np025,240,primary,41,43,event41_timing43,weather_summary20,downward_timing,conditional_median_mae_minutes,56.03090840557859,-1.5472896813198078,55.17715793441387,6996,2653,2653
np025,240,primary,41,43,event41_timing43,weather_projection20,state,return_brier,0.17471097162918986,3.6997376530655823,0.18142315230645012,6996,6996,2653
np025,240,primary,41,43,event41_timing43,weather_projection20,state,multiclass_brier,0.6166001231004822,10.912558785251269,0.6921291202136378,6996,6996,2653
np025,240,primary,41,43,event41_timing43,weather_projection20,downward_timing,conditional_rps,0.17206184990847792,-3.757383152552851,0.16583094588603695,6996,2653,2653
np025,240,primary,41,43,event41_timing43,weather_projection20,downward_timing,conditional_median_mae_minutes,57.6196758386732,-4.426683061789127,55.17715793441387,6996,2653,2653
np025,240,primary,41,43,event41_timing43,noise20,state,return_brier,0.2060956034199906,-13.599395005475978,0.18142315230645012,6996,6996,2653
np025,240,primary,41,43,event41_timing43,noise20,state,multiclass_brier,0.8285073817899402,-19.704164670055626,0.6921291202136378,6996,6996,2653
np025,240,primary,41,43,event41_timing43,noise20,downward_timing,conditional_rps,0.1678359861173964,-1.2090868930684229,0.16583094588603695,6996,2653,2653
np025,240,primary,41,43,event41_timing43,noise20,downward_timing,conditional_median_mae_minutes,56.15529589144365,-1.7727226150220377,55.17715793441387,6996,2653,2653
np025,240,primary,41,43,event41_timing43,power_weather_summary40,state,return_brier,0.17144636475409922,5.499181017149701,0.18142315230645012,6996,6996,2653
np025,240,primary,41,43,event41_timing43,power_weather_summary40,state,multiclass_brier,0.6028465024341775,12.899705441074595,0.6921291202136378,6996,6996,2653
np025,240,primary,41,43,event41_timing43,power_weather_summary40,downward_timing,conditional_rps,0.16816996557612718,-1.410484441002735,0.16583094588603695,6996,2653,2653
np025,240,primary,41,43,event41_timing43,power_weather_summary40,downward_timing,conditional_median_mae_minutes,56.00263852242744,-1.496054923660206,55.17715793441387,6996,2653,2653
np025,240,primary,41,43,event41_timing43,power_weather_projection40,state,return_brier,0.17421969346582572,3.970528981029231,0.18142315230645012,6996,6996,2653
np025,240,primary,41,43,event41_timing43,power_weather_projection40,state,multiclass_brier,0.6144058214885093,11.22959523811653,0.6921291202136378,6996,6996,2653
np025,240,primary,41,43,event41_timing43,power_weather_projection40,downward_timing,conditional_rps,0.16855071068918553,-1.6400827895040049,0.16583094588603695,6996,2653,2653
np025,240,primary,41,43,event41_timing43,power_weather_projection40,downward_timing,conditional_median_mae_minutes,56.23445156426687,-1.9161799364689092,55.17715793441387,6996,2653,2653
np025,240,primary,41,43,event41_timing43,power_noise40,state,return_brier,0.173252877719023,4.503435467611283,0.18142315230645012,6996,6996,2653
np025,240,primary,41,43,event41_timing43,power_noise40,state,multiclass_brier,0.6505131474263557,6.012746982013506,0.6921291202136378,6996,6996,2653
np025,240,primary,41,43,event41_timing43,power_noise40,downward_timing,conditional_rps,0.16531870405205693,0.30889399517267657,0.16583094588603695,6996,2653,2653
np025,240,primary,41,43,event41_timing43,power_noise40,downward_timing,conditional_median_mae_minutes,55.22804372408594,-0.09222256378726978,55.17715793441387,6996,2653,2653
np025,480,primary,41,43,event41_timing43,power20,state,return_brier,0.1793285586116106,1.1462086476462408,0.18140787132019362,6996,6996,2653
np025,480,primary,41,43,event41_timing43,power20,state,multiclass_brier,0.6703295986151322,3.1453416509621857,0.6920984597348399,6996,6996,2653
np025,480,primary,41,43,event41_timing43,power20,downward_timing,conditional_rps,0.16655073774970425,-0.4340515938213052,0.16583094588603695,6996,2653,2653
np025,480,primary,41,43,event41_timing43,power20,downward_timing,conditional_median_mae_minutes,55.70863173765549,-0.9632134440004103,55.17715793441387,6996,2653,2653
np025,480,primary,41,43,event41_timing43,weather_raw72,state,return_brier,0.17384025258614932,4.171604395647799,0.18140787132019362,6996,6996,2653
np025,480,primary,41,43,event41_timing43,weather_raw72,state,multiclass_brier,0.6229158341852407,9.996066972335814,0.6920984597348399,6996,6996,2653
np025,480,primary,41,43,event41_timing43,weather_raw72,downward_timing,conditional_rps,0.17093569327677635,-3.078283949635985,0.16583094588603695,6996,2653,2653
np025,480,primary,41,43,event41_timing43,weather_raw72,downward_timing,conditional_median_mae_minutes,56.66415378816434,-2.6949482528947577,55.17715793441387,6996,2653,2653
np025,480,primary,41,43,event41_timing43,joint_raw88,state,return_brier,0.1746193826230548,3.7421136402382538,0.18140787132019362,6996,6996,2653
np025,480,primary,41,43,event41_timing43,joint_raw88,state,multiclass_brier,0.6245506894435242,9.759849822118504,0.6920984597348399,6996,6996,2653
np025,480,primary,41,43,event41_timing43,joint_raw88,downward_timing,conditional_rps,0.18232566919691712,-9.946710020104298,0.16583094588603695,6996,2653,2653
np025,480,primary,41,43,event41_timing43,joint_raw88,downward_timing,conditional_median_mae_minutes,61.07425555974368,-10.687570447791783,55.17715793441387,6996,2653,2653
np025,480,primary,41,43,event41_timing43,weather_summary20,state,return_brier,0.17072339034959874,5.889755991754219,0.18140787132019362,6996,6996,2653
np025,480,primary,41,43,event41_timing43,weather_summary20,state,multiclass_brier,0.6078148730358812,12.177976343315343,0.6920984597348399,6996,6996,2653
np025,480,primary,41,43,event41_timing43,weather_summary20,downward_timing,conditional_rps,0.16706048694034722,-0.7414424658442442,0.16583094588603695,6996,2653,2653
np025,480,primary,41,43,event41_timing43,weather_summary20,downward_timing,conditional_median_mae_minutes,56.03090840557859,-1.5472896813198078,55.17715793441387,6996,2653,2653
np025,480,primary,41,43,event41_timing43,weather_projection20,state,return_brier,0.1751856066272082,3.4299860572217566,0.18140787132019362,6996,6996,2653
np025,480,primary,41,43,event41_timing43,weather_projection20,state,multiclass_brier,0.6171822230858108,10.824505616979884,0.6920984597348399,6996,6996,2653
np025,480,primary,41,43,event41_timing43,weather_projection20,downward_timing,conditional_rps,0.17229539577435912,-3.898216858007131,0.16583094588603695,6996,2653,2653
np025,480,primary,41,43,event41_timing43,weather_projection20,downward_timing,conditional_median_mae_minutes,57.74971730116849,-4.662362947023269,55.17715793441387,6996,2653,2653
np025,480,primary,41,43,event41_timing43,noise20,state,return_brier,0.20515689637992174,-13.091507489115472,0.18140787132019362,6996,6996,2653
np025,480,primary,41,43,event41_timing43,noise20,state,multiclass_brier,0.8214694249676758,-18.69256655800118,0.6920984597348399,6996,6996,2653
np025,480,primary,41,43,event41_timing43,noise20,downward_timing,conditional_rps,0.1678359861173964,-1.2090868930684229,0.16583094588603695,6996,2653,2653
np025,480,primary,41,43,event41_timing43,noise20,downward_timing,conditional_median_mae_minutes,56.15529589144365,-1.7727226150220377,55.17715793441387,6996,2653,2653
np025,480,primary,41,43,event41_timing43,power_weather_summary40,state,return_brier,0.17203132887524775,5.168762731577303,0.18140787132019362,6996,6996,2653
np025,480,primary,41,43,event41_timing43,power_weather_summary40,state,multiclass_brier,0.6155106229976837,11.066031958299527,0.6920984597348399,6996,6996,2653
np025,480,primary,41,43,event41_timing43,power_weather_summary40,downward_timing,conditional_rps,0.1691692686009772,-2.0130879053384954,0.16583094588603695,6996,2653,2653
np025,480,primary,41,43,event41_timing43,power_weather_summary40,downward_timing,conditional_median_mae_minutes,56.47191858273653,-2.3465519008095237,55.17715793441387,6996,2653,2653
np025,480,primary,41,43,event41_timing43,power_weather_projection40,state,return_brier,0.17611981734606158,2.9150080069008544,0.18140787132019362,6996,6996,2653
np025,480,primary,41,43,event41_timing43,power_weather_projection40,state,multiclass_brier,0.6295341871490927,9.039793645793848,0.6920984597348399,6996,6996,2653
np025,480,primary,41,43,event41_timing43,power_weather_projection40,downward_timing,conditional_rps,0.16875065069891299,-1.7606513653263045,0.16583094588603695,6996,2653,2653
np025,480,primary,41,43,event41_timing43,power_weather_projection40,downward_timing,conditional_median_mae_minutes,56.09875612514135,-1.6702530997028342,55.17715793441387,6996,2653,2653
np025,480,primary,41,43,event41_timing43,power_noise40,state,return_brier,0.18074431152613435,0.36578335285576413,0.18140787132019362,6996,6996,2653
np025,480,primary,41,43,event41_timing43,power_noise40,state,multiclass_brier,0.68148119654606,1.5340683163559743,0.6920984597348399,6996,6996,2653
np025,480,primary,41,43,event41_timing43,power_noise40,downward_timing,conditional_rps,0.16667530879180398,-0.5091708916303839,0.16583094588603695,6996,2653,2653
np025,480,primary,41,43,event41_timing43,power_noise40,downward_timing,conditional_median_mae_minutes,55.58989822842066,-0.7480274618301141,55.17715793441387,6996,2653,2653
np025,720,primary,41,43,event41_timing43,power20,state,return_brier,0.181834166110472,-0.24342989976158247,0.1813926022805655,6996,6996,2653
np025,720,primary,41,43,event41_timing43,power20,state,multiclass_brier,0.6887725529816229,0.4761963676778391,0.692068156404275,6996,6996,2653
np025,720,primary,41,43,event41_timing43,power20,downward_timing,conditional_rps,0.1693964082263413,-2.1500584955685076,0.16583094588603695,6996,2653,2653
np025,720,primary,41,43,event41_timing43,power20,downward_timing,conditional_median_mae_minutes,56.63022992838296,-2.6334665437032445,55.17715793441387,6996,2653,2653
np025,720,primary,41,43,event41_timing43,weather_raw72,state,return_brier,0.17358455501090375,4.3045014909620205,0.1813926022805655,6996,6996,2653
np025,720,primary,41,43,event41_timing43,weather_raw72,state,multiclass_brier,0.6224167858310834,10.064235715608394,0.692068156404275,6996,6996,2653
np025,720,primary,41,43,event41_timing43,weather_raw72,downward_timing,conditional_rps,0.17093569327677635,-3.078283949635985,0.16583094588603695,6996,2653,2653
np025,720,primary,41,43,event41_timing43,weather_raw72,downward_timing,conditional_median_mae_minutes,56.66415378816434,-2.6949482528947577,55.17715793441387,6996,2653,2653
np025,720,primary,41,43,event41_timing43,joint_raw88,state,return_brier,0.1746784792273339,3.7014315737345593,0.1813926022805655,6996,6996,2653
np025,720,primary,41,43,event41_timing43,joint_raw88,state,multiclass_brier,0.6214292345521085,10.206931383634188,0.692068156404275,6996,6996,2653
np025,720,primary,41,43,event41_timing43,joint_raw88,downward_timing,conditional_rps,0.1682036851354772,-1.430818136363321,0.16583094588603695,6996,2653,2653
np025,720,primary,41,43,event41_timing43,joint_raw88,downward_timing,conditional_median_mae_minutes,55.82171127026008,-1.168152474638795,55.17715793441387,6996,2653,2653
np025,720,primary,41,43,event41_timing43,weather_summary20,state,return_brier,0.17069402886579377,5.8980208014348445,0.1813926022805655,6996,6996,2653
np025,720,primary,41,43,event41_timing43,weather_summary20,state,multiclass_brier,0.6088934006447579,12.018289671303716,0.692068156404275,6996,6996,2653
np025,720,primary,41,43,event41_timing43,weather_summary20,downward_timing,conditional_rps,0.16706048694034722,-0.7414424658442442,0.16583094588603695,6996,2653,2653
np025,720,primary,41,43,event41_timing43,weather_summary20,downward_timing,conditional_median_mae_minutes,56.03090840557859,-1.5472896813198078,55.17715793441387,6996,2653,2653
np025,720,primary,41,43,event41_timing43,weather_projection20,state,return_brier,0.17610396326197772,2.915575912190549,0.1813926022805655,6996,6996,2653
np025,720,primary,41,43,event41_timing43,weather_projection20,state,multiclass_brier,0.6179032536272783,10.716416019244345,0.692068156404275,6996,6996,2653
np025,720,primary,41,43,event41_timing43,weather_projection20,downward_timing,conditional_rps,0.1724337671450191,-3.981658081791184,0.16583094588603695,6996,2653,2653
np025,720,primary,41,43,event41_timing43,weather_projection20,downward_timing,conditional_median_mae_minutes,57.70448548812665,-4.58038733476791,55.17715793441387,6996,2653,2653
np025,720,primary,41,43,event41_timing43,noise20,state,return_brier,0.20475262453794224,-12.878155979726813,0.1813926022805655,6996,6996,2653
np025,720,primary,41,43,event41_timing43,noise20,state,multiclass_brier,0.8181189914157891,-18.21364468875821,0.692068156404275,6996,6996,2653
np025,720,primary,41,43,event41_timing43,noise20,downward_timing,conditional_rps,0.1678359861173964,-1.2090868930684229,0.16583094588603695,6996,2653,2653
np025,720,primary,41,43,event41_timing43,noise20,downward_timing,conditional_median_mae_minutes,56.15529589144365,-1.7727226150220377,55.17715793441387,6996,2653,2653
np025,720,primary,41,43,event41_timing43,power_weather_summary40,state,return_brier,0.17237046795269473,4.97381602912117,0.1813926022805655,6996,6996,2653
np025,720,primary,41,43,event41_timing43,power_weather_summary40,state,multiclass_brier,0.6169989794162754,10.847078614053096,0.692068156404275,6996,6996,2653
np025,720,primary,41,43,event41_timing43,power_weather_summary40,downward_timing,conditional_rps,0.1683416275058437,-1.5140006627786695,0.16583094588603695,6996,2653,2653
np025,720,primary,41,43,event41_timing43,power_weather_summary40,downward_timing,conditional_median_mae_minutes,56.42668676969468,-2.264576288554143,55.17715793441387,6996,2653,2653
np025,720,primary,41,43,event41_timing43,power_weather_projection40,state,return_brier,0.17787990607407253,1.9365156915604365,0.1813926022805655,6996,6996,2653
np025,720,primary,41,43,event41_timing43,power_weather_projection40,state,multiclass_brier,0.6401213832714991,7.506019840975153,0.692068156404275,6996,6996,2653
np025,720,primary,41,43,event41_timing43,power_weather_projection40,downward_timing,conditional_rps,0.1710186686521146,-3.1283200722034055,0.16583094588603695,6996,2653,2653
np025,720,primary,41,43,event41_timing43,power_weather_projection40,downward_timing,conditional_median_mae_minutes,57.031662269129285,-3.3610001024695135,55.17715793441387,6996,2653,2653
np025,720,primary,41,43,event41_timing43,power_noise40,state,return_brier,0.18333584639867326,-1.071291824295062,0.1813926022805655,6996,6996,2653
np025,720,primary,41,43,event41_timing43,power_noise40,state,multiclass_brier,0.6958334174486911,-0.5440592822503199,0.692068156404275,6996,6996,2653
np025,720,primary,41,43,event41_timing43,power_noise40,downward_timing,conditional_rps,0.1678272585972407,-1.2038239910756365,0.16583094588603695,6996,2653,2653
np025,720,primary,41,43,event41_timing43,power_noise40,downward_timing,conditional_median_mae_minutes,56.324915190350545,-2.0801311609796036,55.17715793441387,6996,2653,2653
np028,15,primary,41,43,event41_timing43,power20,state,return_brier,0.16125289115239133,2.7010056699167118,0.165729247524745,3772,3772,1328
np028,15,primary,41,43,event41_timing43,power20,state,multiclass_brier,0.6197388364027006,8.686823216591,0.6786959541148097,3772,3772,1328
np028,15,primary,41,43,event41_timing43,power20,downward_timing,conditional_rps,0.15383879324386202,7.197078146835157,0.16576934235677374,3772,1328,1328
np028,15,primary,41,43,event41_timing43,power20,downward_timing,conditional_median_mae_minutes,50.7605421686747,8.192032686414707,55.289909638554214,3772,1328,1328
np028,15,primary,41,43,event41_timing43,weather_raw72,state,return_brier,0.1597600141407932,3.6017983989582447,0.165729247524745,3772,3772,1328
np028,15,primary,41,43,event41_timing43,weather_raw72,state,multiclass_brier,0.6773085660285317,0.20441967833555452,0.6786959541148097,3772,3772,1328
np028,15,primary,41,43,event41_timing43,weather_raw72,downward_timing,conditional_rps,0.16891032741444476,-1.894792494809372,0.16576934235677374,3772,1328,1328
np028,15,primary,41,43,event41_timing43,weather_raw72,downward_timing,conditional_median_mae_minutes,56.18222891566265,-1.613891726251282,55.289909638554214,3772,1328,1328
np028,15,primary,41,43,event41_timing43,joint_raw88,state,return_brier,0.15410531438165548,7.013809159637885,0.165729247524745,3772,3772,1328
np028,15,primary,41,43,event41_timing43,joint_raw88,state,multiclass_brier,0.5836174340357096,14.009000569792162,0.6786959541148097,3772,3772,1328
np028,15,primary,41,43,event41_timing43,joint_raw88,downward_timing,conditional_rps,0.15569109194273278,6.0796829321734585,0.16576934235677374,3772,1328,1328
np028,15,primary,41,43,event41_timing43,joint_raw88,downward_timing,conditional_median_mae_minutes,52.02560240963855,5.903983656792644,55.289909638554214,3772,1328,1328
np028,15,primary,41,43,event41_timing43,weather_summary20,state,return_brier,0.1649504669425179,0.46991137283165507,0.165729247524745,3772,3772,1328
np028,15,primary,41,43,event41_timing43,weather_summary20,state,multiclass_brier,0.6850048737252566,-0.9295649358445734,0.6786959541148097,3772,3772,1328
np028,15,primary,41,43,event41_timing43,weather_summary20,downward_timing,conditional_rps,0.16466262735927004,0.6676234469952802,0.16576934235677374,3772,1328,1328
np028,15,primary,41,43,event41_timing43,weather_summary20,downward_timing,conditional_median_mae_minutes,55.368975903614455,-0.14300306435137689,55.289909638554214,3772,1328,1328
np028,15,primary,41,43,event41_timing43,weather_projection20,state,return_brier,0.16142814691141547,2.595257431967357,0.165729247524745,3772,3772,1328
np028,15,primary,41,43,event41_timing43,weather_projection20,state,multiclass_brier,0.7182601627581777,-5.829445188747262,0.6786959541148097,3772,3772,1328
np028,15,primary,41,43,event41_timing43,weather_projection20,downward_timing,conditional_rps,0.16663922874901269,-0.524757099154538,0.16576934235677374,3772,1328,1328
np028,15,primary,41,43,event41_timing43,weather_projection20,downward_timing,conditional_median_mae_minutes,56.1144578313253,-1.491317671092962,55.289909638554214,3772,1328,1328
np028,15,primary,41,43,event41_timing43,noise20,state,return_brier,0.17959139471090854,-8.364333630425612,0.165729247524745,3772,3772,1328
np028,15,primary,41,43,event41_timing43,noise20,state,multiclass_brier,0.8056756741566913,-18.709367467424375,0.6786959541148097,3772,3772,1328
np028,15,primary,41,43,event41_timing43,noise20,downward_timing,conditional_rps,0.16368674963538757,1.2563195894835344,0.16576934235677374,3772,1328,1328
np028,15,primary,41,43,event41_timing43,noise20,downward_timing,conditional_median_mae_minutes,54.93975903614458,0.6332992849846675,55.289909638554214,3772,1328,1328
np028,15,primary,41,43,event41_timing43,power_weather_summary40,state,return_brier,0.15664711399411133,5.480103039312734,0.165729247524745,3772,3772,1328
np028,15,primary,41,43,event41_timing43,power_weather_summary40,state,multiclass_brier,0.5875245143917183,13.433325949614938,0.6786959541148097,3772,3772,1328
np028,15,primary,41,43,event41_timing43,power_weather_summary40,downward_timing,conditional_rps,0.1554725200444076,6.211535960735737,0.16576934235677374,3772,1328,1328
np028,15,primary,41,43,event41_timing43,power_weather_summary40,downward_timing,conditional_median_mae_minutes,51.85617469879518,6.210418794688454,55.289909638554214,3772,1328,1328
np028,15,primary,41,43,event41_timing43,power_weather_projection40,state,return_brier,0.1595489261665982,3.7291675732878837,0.165729247524745,3772,3772,1328
np028,15,primary,41,43,event41_timing43,power_weather_projection40,state,multiclass_brier,0.6240227412892365,8.05562674922392,0.6786959541148097,3772,3772,1328
np028,15,primary,41,43,event41_timing43,power_weather_projection40,downward_timing,conditional_rps,0.1563893829602111,5.658440374562634,0.16576934235677374,3772,1328,1328
np028,15,primary,41,43,event41_timing43,power_weather_projection40,downward_timing,conditional_median_mae_minutes,51.94653614457831,6.046986721144021,55.289909638554214,3772,1328,1328
np028,15,primary,41,43,event41_timing43,power_noise40,state,return_brier,0.1632103114716053,1.5199103904478761,0.165729247524745,3772,3772,1328
np028,15,primary,41,43,event41_timing43,power_noise40,state,multiclass_brier,0.6305591375798435,7.092545084897206,0.6786959541148097,3772,3772,1328
np028,15,primary,41,43,event41_timing43,power_noise40,downward_timing,conditional_rps,0.1535812008440104,7.352470209196859,0.16576934235677374,3772,1328,1328
np028,15,primary,41,43,event41_timing43,power_noise40,downward_timing,conditional_median_mae_minutes,50.78313253012048,8.151174668028593,55.289909638554214,3772,1328,1328
np028,60,primary,41,43,event41_timing43,power20,state,return_brier,0.1634656997345135,1.3644908247033016,0.16572702985088208,3772,3772,1328
np028,60,primary,41,43,event41_timing43,power20,state,multiclass_brier,0.6528179715551252,3.818035391260466,0.6787322074473484,3772,3772,1328
np028,60,primary,41,43,event41_timing43,power20,downward_timing,conditional_rps,0.15985833159471155,3.5658045559113893,0.16576934235677374,3772,1328,1328
np028,60,primary,41,43,event41_timing43,power20,downward_timing,conditional_median_mae_minutes,53.35843373493976,3.4933605720122496,55.289909638554214,3772,1328,1328
np028,60,primary,41,43,event41_timing43,weather_raw72,state,return_brier,0.15934332891502262,3.8519370929433694,0.16572702985088208,3772,3772,1328
np028,60,primary,41,43,event41_timing43,weather_raw72,state,multiclass_brier,0.6769350871213885,0.26477604955844614,0.6787322074473484,3772,3772,1328
np028,60,primary,41,43,event41_timing43,weather_raw72,downward_timing,conditional_rps,0.16891032741444476,-1.894792494809372,0.16576934235677374,3772,1328,1328
np028,60,primary,41,43,event41_timing43,weather_raw72,downward_timing,conditional_median_mae_minutes,56.18222891566265,-1.613891726251282,55.289909638554214,3772,1328,1328
np028,60,primary,41,43,event41_timing43,joint_raw88,state,return_brier,0.156432144103679,5.608551456914679,0.16572702985088208,3772,3772,1328
np028,60,primary,41,43,event41_timing43,joint_raw88,state,multiclass_brier,0.6081647458103658,10.39695197350079,0.6787322074473484,3772,3772,1328
np028,60,primary,41,43,event41_timing43,joint_raw88,downward_timing,conditional_rps,0.16328804226901036,1.4968389525386705,0.16576934235677374,3772,1328,1328
np028,60,primary,41,43,event41_timing43,joint_raw88,downward_timing,conditional_median_mae_minutes,54.73644578313253,1.0010214504596493,55.289909638554214,3772,1328,1328
np028,60,primary,41,43,event41_timing43,weather_summary20,state,return_brier,0.16381948637431054,1.1510153040743654,0.16572702985088208,3772,3772,1328
np028,60,primary,41,43,event41_timing43,weather_summary20,state,multiclass_brier,0.686141605547647,-1.0916526457709574,0.6787322074473484,3772,3772,1328
np028,60,primary,41,43,event41_timing43,weather_summary20,downward_timing,conditional_rps,0.16466262735927006,0.667623446995258,0.16576934235677374,3772,1328,1328
np028,60,primary,41,43,event41_timing43,weather_summary20,downward_timing,conditional_median_mae_minutes,55.368975903614455,-0.14300306435137689,55.289909638554214,3772,1328,1328
np028,60,primary,41,43,event41_timing43,weather_projection20,state,return_brier,0.1618318669288811,2.3503485976341776,0.16572702985088208,3772,3772,1328
np028,60,primary,41,43,event41_timing43,weather_projection20,state,multiclass_brier,0.7192341447031199,-5.967292668797253,0.6787322074473484,3772,3772,1328
np028,60,primary,41,43,event41_timing43,weather_projection20,downward_timing,conditional_rps,0.16668695272346695,-0.5535464843181348,0.16576934235677374,3772,1328,1328
np028,60,primary,41,43,event41_timing43,weather_projection20,downward_timing,conditional_median_mae_minutes,56.283885542168676,-1.7977528089887729,55.289909638554214,3772,1328,1328
np028,60,primary,41,43,event41_timing43,noise20,state,return_brier,0.17992801720566304,-8.568902349579744,0.16572702985088208,3772,3772,1328
np028,60,primary,41,43,event41_timing43,noise20,state,multiclass_brier,0.810557192284334,-19.422238018255776,0.6787322074473484,3772,3772,1328
np028,60,primary,41,43,event41_timing43,noise20,downward_timing,conditional_rps,0.1636867496353875,1.2563195894835677,0.16576934235677374,3772,1328,1328
np028,60,primary,41,43,event41_timing43,noise20,downward_timing,conditional_median_mae_minutes,54.93975903614458,0.6332992849846675,55.289909638554214,3772,1328,1328
np028,60,primary,41,43,event41_timing43,power_weather_summary40,state,return_brier,0.1591442835036664,3.972041466705034,0.16572702985088208,3772,3772,1328
np028,60,primary,41,43,event41_timing43,power_weather_summary40,state,multiclass_brier,0.6136855084843077,9.583558618453603,0.6787322074473484,3772,3772,1328
np028,60,primary,41,43,event41_timing43,power_weather_summary40,downward_timing,conditional_rps,0.1611754737963665,2.7712413496339905,0.16576934235677374,3772,1328,1328
np028,60,primary,41,43,event41_timing43,power_weather_summary40,downward_timing,conditional_median_mae_minutes,53.59563253012048,3.064351378958119,55.289909638554214,3772,1328,1328
np028,60,primary,41,43,event41_timing43,power_weather_projection40,state,return_brier,0.16130315126563605,2.669376618422814,0.16572702985088208,3772,3772,1328
np028,60,primary,41,43,event41_timing43,power_weather_projection40,state,multiclass_brier,0.6511789187725295,4.059522794482429,0.6787322074473484,3772,3772,1328
np028,60,primary,41,43,event41_timing43,power_weather_projection40,downward_timing,conditional_rps,0.1627311036582455,1.8328109741723164,0.16576934235677374,3772,1328,1328
np028,60,primary,41,43,event41_timing43,power_weather_projection40,downward_timing,conditional_median_mae_minutes,54.44277108433735,1.532175689479054,55.289909638554214,3772,1328,1328
np028,60,primary,41,43,event41_timing43,power_noise40,state,return_brier,0.16581225430842755,-0.05142459719584824,0.16572702985088208,3772,3772,1328
np028,60,primary,41,43,event41_timing43,power_noise40,state,multiclass_brier,0.6653366978942397,1.9736074708297857,0.6787322074473484,3772,3772,1328
np028,60,primary,41,43,event41_timing43,power_noise40,downward_timing,conditional_rps,0.16029583632110983,3.3018807686910345,0.16576934235677374,3772,1328,1328
np028,60,primary,41,43,event41_timing43,power_noise40,downward_timing,conditional_median_mae_minutes,53.493975903614455,3.24821246169561,55.289909638554214,3772,1328,1328
np028,120,primary,41,43,event41_timing43,power20,state,return_brier,0.16619308090398585,-0.2830014679729098,0.16572407932670669,3772,3772,1328
np028,120,primary,41,43,event41_timing43,power20,state,multiclass_brier,0.677774091209412,0.14829427850377996,0.678780684127562,3772,3772,1328
np028,120,primary,41,43,event41_timing43,power20,downward_timing,conditional_rps,0.16295397418629942,1.6983648064519685,0.16576934235677374,3772,1328,1328
np028,120,primary,41,43,event41_timing43,power20,downward_timing,conditional_median_mae_minutes,54.25075301204819,1.8794688457609787,55.289909638554214,3772,1328,1328
np028,120,primary,41,43,event41_timing43,weather_raw72,state,return_brier,0.15933859649537588,3.8530808904012837,0.16572407932670669,3772,3772,1328
np028,120,primary,41,43,event41_timing43,weather_raw72,state,multiclass_brier,0.6743805573230051,0.6482398376159493,0.678780684127562,3772,3772,1328
np028,120,primary,41,43,event41_timing43,weather_raw72,downward_timing,conditional_rps,0.16891032741444476,-1.894792494809372,0.16576934235677374,3772,1328,1328
np028,120,primary,41,43,event41_timing43,weather_raw72,downward_timing,conditional_median_mae_minutes,56.18222891566265,-1.613891726251282,55.289909638554214,3772,1328,1328
np028,120,primary,41,43,event41_timing43,joint_raw88,state,return_brier,0.15484819193190677,6.562647648420061,0.16572407932670669,3772,3772,1328
np028,120,primary,41,43,event41_timing43,joint_raw88,state,multiclass_brier,0.6162417827853579,9.213417942584122,0.678780684127562,3772,3772,1328
np028,120,primary,41,43,event41_timing43,joint_raw88,downward_timing,conditional_rps,0.16552210882554547,0.14914309709702644,0.16576934235677374,3772,1328,1328
np028,120,primary,41,43,event41_timing43,joint_raw88,downward_timing,conditional_median_mae_minutes,55.15436746987952,0.24514811031665085,55.289909638554214,3772,1328,1328
np028,120,primary,41,43,event41_timing43,weather_summary20,state,return_brier,0.1644506406826441,0.7684089416795881,0.16572407932670669,3772,3772,1328
np028,120,primary,41,43,event41_timing43,weather_summary20,state,multiclass_brier,0.6892597608969753,-1.5438089230370489,0.678780684127562,3772,3772,1328
np028,120,primary,41,43,event41_timing43,weather_summary20,downward_timing,conditional_rps,0.16466262735927006,0.667623446995258,0.16576934235677374,3772,1328,1328
np028,120,primary,41,43,event41_timing43,weather_summary20,downward_timing,conditional_median_mae_minutes,55.368975903614455,-0.14300306435137689,55.289909638554214,3772,1328,1328
np028,120,primary,41,43,event41_timing43,weather_projection20,state,return_brier,0.16268392278391255,1.8344688081209926,0.16572407932670669,3772,3772,1328
np028,120,primary,41,43,event41_timing43,weather_projection20,state,multiclass_brier,0.7157232776591257,-5.442493340694576,0.678780684127562,3772,3772,1328
np028,120,primary,41,43,event41_timing43,weather_projection20,downward_timing,conditional_rps,0.16656927963875345,-0.48256044851651136,0.16576934235677374,3772,1328,1328
np028,120,primary,41,43,event41_timing43,weather_projection20,downward_timing,conditional_median_mae_minutes,56.295180722891565,-1.81818181818183,55.289909638554214,3772,1328,1328
np028,120,primary,41,43,event41_timing43,noise20,state,return_brier,0.1798725259016302,-8.537351139559757,0.16572407932670669,3772,3772,1328
np028,120,primary,41,43,event41_timing43,noise20,state,multiclass_brier,0.8153163585239248,-20.114843805824023,0.678780684127562,3772,3772,1328
np028,120,primary,41,43,event41_timing43,noise20,downward_timing,conditional_rps,0.16368674963538757,1.2563195894835344,0.16576934235677374,3772,1328,1328
np028,120,primary,41,43,event41_timing43,noise20,downward_timing,conditional_median_mae_minutes,54.93975903614458,0.6332992849846675,55.289909638554214,3772,1328,1328
np028,120,primary,41,43,event41_timing43,power_weather_summary40,state,return_brier,0.15978481032493347,3.583829836860708,0.16572407932670669,3772,3772,1328
np028,120,primary,41,43,event41_timing43,power_weather_summary40,state,multiclass_brier,0.6341103236350697,6.5809710760858176,0.678780684127562,3772,3772,1328
np028,120,primary,41,43,event41_timing43,power_weather_summary40,downward_timing,conditional_rps,0.16273244296736092,1.8320030388228936,0.16576934235677374,3772,1328,1328
np028,120,primary,41,43,event41_timing43,power_weather_summary40,downward_timing,conditional_median_mae_minutes,54.1152108433735,2.1246169560776185,55.289909638554214,3772,1328,1328
np028,120,primary,41,43,event41_timing43,power_weather_projection40,state,return_brier,0.16009708836687989,3.395397327104055,0.16572407932670669,3772,3772,1328
np028,120,primary,41,43,event41_timing43,power_weather_projection40,state,multiclass_brier,0.6609235233756953,2.630770316456277,0.678780684127562,3772,3772,1328
np028,120,primary,41,43,event41_timing43,power_weather_projection40,downward_timing,conditional_rps,0.16574528268392263,0.014513946010186185,0.16576934235677374,3772,1328,1328
np028,120,primary,41,43,event41_timing43,power_weather_projection40,downward_timing,conditional_median_mae_minutes,55.40286144578313,-0.20429009193054792,55.289909638554214,3772,1328,1328
np028,120,primary,41,43,event41_timing43,power_noise40,state,return_brier,0.16821320584712054,-1.5019703416223606,0.16572407932670669,3772,3772,1328
np028,120,primary,41,43,event41_timing43,power_noise40,state,multiclass_brier,0.6937394357119329,-2.2037680114008307,0.678780684127562,3772,3772,1328
np028,120,primary,41,43,event41_timing43,power_noise40,downward_timing,conditional_rps,0.163160287438447,1.5739067798866357,0.16576934235677374,3772,1328,1328
np028,120,primary,41,43,event41_timing43,power_noise40,downward_timing,conditional_median_mae_minutes,54.1152108433735,2.1246169560776185,55.289909638554214,3772,1328,1328
np028,240,primary,41,43,event41_timing43,power20,state,return_brier,0.17261571111089433,-4.162192746585003,0.16571820020230285,3772,3772,1328
np028,240,primary,41,43,event41_timing43,power20,state,multiclass_brier,0.7006876569753193,-3.2446614045696487,0.6786672041372074,3772,3772,1328
np028,240,primary,41,43,event41_timing43,power20,downward_timing,conditional_rps,0.16766590833909342,-1.130957237752206,0.16579088433319378,3772,1328,1328
np028,240,primary,41,43,event41_timing43,power20,downward_timing,conditional_median_mae_minutes,56.41942771084337,-2.0429009193054126,55.289909638554214,3772,1328,1328
np028,240,primary,41,43,event41_timing43,weather_raw72,state,return_brier,0.15963318667483722,3.6719041843546796,0.16571820020230285,3772,3772,1328
np028,240,primary,41,43,event41_timing43,weather_raw72,state,multiclass_brier,0.6705897641134416,1.1901915953099085,0.6786672041372074,3772,3772,1328
np028,240,primary,41,43,event41_timing43,weather_raw72,downward_timing,conditional_rps,0.16927183533193546,-2.099603372490577,0.16579088433319378,3772,1328,1328
np028,240,primary,41,43,event41_timing43,weather_raw72,downward_timing,conditional_median_mae_minutes,56.61144578313253,-2.3901940755873374,55.289909638554214,3772,1328,1328
np028,240,primary,41,43,event41_timing43,joint_raw88,state,return_brier,0.15665108967741972,5.471402968300598,0.16571820020230285,3772,3772,1328
np028,240,primary,41,43,event41_timing43,joint_raw88,state,multiclass_brier,0.6327752308755228,6.762073219675802,0.6786672041372074,3772,3772,1328
np028,240,primary,41,43,event41_timing43,joint_raw88,downward_timing,conditional_rps,0.16818021020368554,-1.441168421352934,0.16579088433319378,3772,1328,1328
np028,240,primary,41,43,event41_timing43,joint_raw88,downward_timing,conditional_median_mae_minutes,56.295180722891565,-1.81818181818183,55.289909638554214,3772,1328,1328
np028,240,primary,41,43,event41_timing43,weather_summary20,state,return_brier,0.16443064448120842,0.7769549268110687,0.16571820020230285,3772,3772,1328
np028,240,primary,41,43,event41_timing43,weather_summary20,state,multiclass_brier,0.6848263998850758,-0.9075428590510137,0.6786672041372074,3772,3772,1328
np028,240,primary,41,43,event41_timing43,weather_summary20,downward_timing,conditional_rps,0.16508720027763876,0.42444073954078787,0.16579088433319378,3772,1328,1328
np028,240,primary,41,43,event41_timing43,weather_summary20,downward_timing,conditional_median_mae_minutes,55.52710843373494,-0.42900919305413066,55.289909638554214,3772,1328,1328
np028,240,primary,41,43,event41_timing43,weather_projection20,state,return_brier,0.16273326447255138,1.8012117716144527,0.16571820020230285,3772,3772,1328
np028,240,primary,41,43,event41_timing43,weather_projection20,state,multiclass_brier,0.718518264634828,-5.871959077245159,0.6786672041372074,3772,3772,1328
np028,240,primary,41,43,event41_timing43,weather_projection20,downward_timing,conditional_rps,0.16790527946224304,-1.2753385914752169,0.16579088433319378,3772,1328,1328
np028,240,primary,41,43,event41_timing43,weather_projection20,downward_timing,conditional_median_mae_minutes,56.3855421686747,-1.9816138917262638,55.289909638554214,3772,1328,1328
np028,240,primary,41,43,event41_timing43,noise20,state,return_brier,0.17950185859242027,-8.317528414676723,0.16571820020230285,3772,3772,1328
np028,240,primary,41,43,event41_timing43,noise20,state,multiclass_brier,0.8119446086498928,-19.63810888462212,0.6786672041372074,3772,3772,1328
np028,240,primary,41,43,event41_timing43,noise20,downward_timing,conditional_rps,0.1640555027139629,1.0467292132559147,0.16579088433319378,3772,1328,1328
np028,240,primary,41,43,event41_timing43,noise20,downward_timing,conditional_median_mae_minutes,54.93975903614458,0.6332992849846675,55.289909638554214,3772,1328,1328
np028,240,primary,41,43,event41_timing43,power_weather_summary40,state,return_brier,0.1630371237220023,1.61785276271863,0.16571820020230285,3772,3772,1328
np028,240,primary,41,43,event41_timing43,power_weather_summary40,state,multiclass_brier,0.6541351952386348,3.614733222560862,0.6786672041372074,3772,3772,1328
np028,240,primary,41,43,event41_timing43,power_weather_summary40,downward_timing,conditional_rps,0.16791127264677752,-1.2789534974204875,0.16579088433319378,3772,1328,1328
np028,240,primary,41,43,event41_timing43,power_weather_summary40,downward_timing,conditional_median_mae_minutes,56.32906626506024,-1.8794688457609787,55.289909638554214,3772,1328,1328
np028,240,primary,41,43,event41_timing43,power_weather_projection40,state,return_brier,0.16452762690351008,0.7184324336973025,0.16571820020230285,3772,3772,1328
np028,240,primary,41,43,event41_timing43,power_weather_projection40,state,multiclass_brier,0.6804834692330423,-0.2676223463816685,0.6786672041372074,3772,3772,1328
np028,240,primary,41,43,event41_timing43,power_weather_projection40,downward_timing,conditional_rps,0.16869637827659043,-1.752505244834457,0.16579088433319378,3772,1328,1328
np028,240,primary,41,43,event41_timing43,power_weather_projection40,downward_timing,conditional_median_mae_minutes,56.83734939759036,-2.798774259448411,55.289909638554214,3772,1328,1328
np028,240,primary,41,43,event41_timing43,power_noise40,state,return_brier,0.17552098496097224,-5.915333829780001,0.16571820020230285,3772,3772,1328
np028,240,primary,41,43,event41_timing43,power_noise40,state,multiclass_brier,0.7176925209485844,-5.750287707064028,0.6786672041372074,3772,3772,1328
np028,240,primary,41,43,event41_timing43,power_noise40,downward_timing,conditional_rps,0.16607349750161476,-0.17046363529433783,0.16579088433319378,3772,1328,1328
np028,240,primary,41,43,event41_timing43,power_noise40,downward_timing,conditional_median_mae_minutes,55.89984939759036,-1.1031664964249233,55.289909638554214,3772,1328,1328
np028,480,primary,41,43,event41_timing43,power20,state,return_brier,0.17586592340990304,-6.130955268629923,0.1657065301680982,3772,3772,1328
np028,480,primary,41,43,event41_timing43,power20,state,multiclass_brier,0.7492825873083804,-10.39439299440974,0.6787324672787713,3772,3772,1328
np028,480,primary,41,43,event41_timing43,power20,downward_timing,conditional_rps,0.16725057499983875,-0.884697013260527,0.1657838898776243,3772,1328,1328
np028,480,primary,41,43,event41_timing43,power20,downward_timing,conditional_median_mae_minutes,56.09186746987952,-1.450459652706848,55.289909638554214,3772,1328,1328
np028,480,primary,41,43,event41_timing43,weather_raw72,state,return_brier,0.15981242993507042,3.5569510912144553,0.1657065301680982,3772,3772,1328
np028,480,primary,41,43,event41_timing43,weather_raw72,state,multiclass_brier,0.6751339584222065,0.5301807457351093,0.6787324672787713,3772,3772,1328
np028,480,primary,41,43,event41_timing43,weather_raw72,downward_timing,conditional_rps,0.16897831960435297,-1.9268637797597243,0.1657838898776243,3772,1328,1328
np028,480,primary,41,43,event41_timing43,weather_raw72,downward_timing,conditional_median_mae_minutes,56.26129518072289,-1.7568947906026589,55.289909638554214,3772,1328,1328
np028,480,primary,41,43,event41_timing43,joint_raw88,state,return_brier,0.1597483483004705,3.595622852994096,0.1657065301680982,3772,3772,1328
np028,480,primary,41,43,event41_timing43,joint_raw88,state,multiclass_brier,0.6569772860543605,3.2052660323784843,0.6787324672787713,3772,3772,1328
np028,480,primary,41,43,event41_timing43,joint_raw88,downward_timing,conditional_rps,0.16857718964860763,-1.6849042286589233,0.1657838898776243,3772,1328,1328
np028,480,primary,41,43,event41_timing43,joint_raw88,downward_timing,conditional_median_mae_minutes,56.81475903614458,-2.7579162410623193,55.289909638554214,3772,1328,1328
np028,480,primary,41,43,event41_timing43,weather_summary20,state,return_brier,0.16375231193291917,1.1793248179155058,0.1657065301680982,3772,3772,1328
np028,480,primary,41,43,event41_timing43,weather_summary20,state,multiclass_brier,0.687639754453791,-1.3123414017206958,0.6787324672787713,3772,3772,1328
np028,480,primary,41,43,event41_timing43,weather_summary20,downward_timing,conditional_rps,0.16531722012633301,0.2814928227560354,0.1657838898776243,3772,1328,1328
np028,480,primary,41,43,event41_timing43,weather_summary20,downward_timing,conditional_median_mae_minutes,55.640060240963855,-0.6332992849846786,55.289909638554214,3772,1328,1328
np028,480,primary,41,43,event41_timing43,weather_projection20,state,return_brier,0.16307863908218034,1.5858705648184368,0.1657065301680982,3772,3772,1328
np028,480,primary,41,43,event41_timing43,weather_projection20,state,multiclass_brier,0.715917444430138,-5.478591189316706,0.6787324672787713,3772,3772,1328
np028,480,primary,41,43,event41_timing43,weather_projection20,downward_timing,conditional_rps,0.1681720346751768,-1.440516807341985,0.1657838898776243,3772,1328,1328
np028,480,primary,41,43,event41_timing43,weather_projection20,downward_timing,conditional_median_mae_minutes,56.32906626506024,-1.8794688457609787,55.289909638554214,3772,1328,1328
np028,480,primary,41,43,event41_timing43,noise20,state,return_brier,0.17934424863005036,-8.230042864404696,0.1657065301680982,3772,3772,1328
np028,480,primary,41,43,event41_timing43,noise20,state,multiclass_brier,0.8111181610942999,-19.504841774594905,0.6787324672787713,3772,3772,1328
np028,480,primary,41,43,event41_timing43,noise20,downward_timing,conditional_rps,0.1638983708049777,1.1373355239995941,0.1657838898776243,3772,1328,1328
np028,480,primary,41,43,event41_timing43,noise20,downward_timing,conditional_median_mae_minutes,54.83810240963855,0.8171603677221695,55.289909638554214,3772,1328,1328
np028,480,primary,41,43,event41_timing43,power_weather_summary40,state,return_brier,0.16962476501187715,-2.364562724114827,0.1657065301680982,3772,3772,1328
np028,480,primary,41,43,event41_timing43,power_weather_summary40,state,multiclass_brier,0.710638501047988,-4.700826217601883,0.6787324672787713,3772,3772,1328
np028,480,primary,41,43,event41_timing43,power_weather_summary40,downward_timing,conditional_rps,0.16600835798507466,-0.1353980218560702,0.1657838898776243,3772,1328,1328
np028,480,primary,41,43,event41_timing43,power_weather_summary40,downward_timing,conditional_median_mae_minutes,55.80948795180723,-0.9397344228804894,55.289909638554214,3772,1328,1328
np028,480,primary,41,43,event41_timing43,power_weather_projection40,state,return_brier,0.1649009792939617,0.48613103739443275,0.1657065301680982,3772,3772,1328
np028,480,primary,41,43,event41_timing43,power_weather_projection40,state,multiclass_brier,0.7135992000574494,-5.137036234389747,0.6787324672787713,3772,3772,1328
np028,480,primary,41,43,event41_timing43,power_weather_projection40,downward_timing,conditional_rps,0.16893286459880233,-1.8994455513756447,0.1657838898776243,3772,1328,1328
np028,480,primary,41,43,event41_timing43,power_weather_projection40,downward_timing,conditional_median_mae_minutes,57.09713855421687,-3.268641470888678,55.289909638554214,3772,1328,1328
np028,480,primary,41,43,event41_timing43,power_noise40,state,return_brier,0.1775412115392463,-7.141952317233735,0.1657065301680982,3772,3772,1328
np028,480,primary,41,43,event41_timing43,power_noise40,state,multiclass_brier,0.7657579916210627,-12.821771248280056,0.6787324672787713,3772,3772,1328
np028,480,primary,41,43,event41_timing43,power_noise40,downward_timing,conditional_rps,0.16548567868488598,0.17987947620148326,0.1657838898776243,3772,1328,1328
np028,480,primary,41,43,event41_timing43,power_noise40,downward_timing,conditional_median_mae_minutes,55.4480421686747,-0.28600612870275377,55.289909638554214,3772,1328,1328
np028,720,primary,41,43,event41_timing43,power20,state,return_brier,0.1773864929623324,-7.052642422457445,0.16570024704511202,3772,3772,1328
np028,720,primary,41,43,event41_timing43,power20,state,multiclass_brier,0.7688642855689477,-13.313669498379133,0.6785273912428947,3772,3772,1328
np028,720,primary,41,43,event41_timing43,power20,downward_timing,conditional_rps,0.16191593155724862,2.342268465436481,0.16579939858621692,3772,1328,1328
np028,720,primary,41,43,event41_timing43,power20,downward_timing,conditional_median_mae_minutes,54.08132530120482,2.1859039836567895,55.289909638554214,3772,1328,1328
np028,720,primary,41,43,event41_timing43,weather_raw72,state,return_brier,0.16054084590833495,3.1136955006303757,0.16570024704511202,3772,3772,1328
np028,720,primary,41,43,event41_timing43,weather_raw72,state,multiclass_brier,0.6757793271365491,0.40500415190488637,0.6785273912428947,3772,3772,1328
np028,720,primary,41,43,event41_timing43,weather_raw72,downward_timing,conditional_rps,0.1692562100361881,-2.084936060955367,0.16579939858621692,3772,1328,1328
np028,720,primary,41,43,event41_timing43,weather_raw72,downward_timing,conditional_median_mae_minutes,56.64533132530121,-2.4514811031665085,55.289909638554214,3772,1328,1328
np028,720,primary,41,43,event41_timing43,joint_raw88,state,return_brier,0.16116689663267633,2.7358742628799337,0.16570024704511202,3772,3772,1328
np028,720,primary,41,43,event41_timing43,joint_raw88,state,multiclass_brier,0.6725597511961523,0.8794987680322275,0.6785273912428947,3772,3772,1328
np028,720,primary,41,43,event41_timing43,joint_raw88,downward_timing,conditional_rps,0.1663036990546822,-0.3041630263833861,0.16579939858621692,3772,1328,1328
np028,720,primary,41,43,event41_timing43,joint_raw88,downward_timing,conditional_median_mae_minutes,55.40286144578313,-0.20429009193054792,55.289909638554214,3772,1328,1328
np028,720,primary,41,43,event41_timing43,weather_summary20,state,return_brier,0.16415780182304326,0.9308647691085414,0.16570024704511202,3772,3772,1328
np028,720,primary,41,43,event41_timing43,weather_summary20,state,multiclass_brier,0.6835418369182462,-0.7390189018259496,0.6785273912428947,3772,3772,1328
np028,720,primary,41,43,event41_timing43,weather_summary20,downward_timing,conditional_rps,0.1651124312916361,0.41433642126487147,0.16579939858621692,3772,1328,1328
np028,720,primary,41,43,event41_timing43,weather_summary20,downward_timing,conditional_median_mae_minutes,55.628765060240966,-0.6128702757916438,55.289909638554214,3772,1328,1328
np028,720,primary,41,43,event41_timing43,weather_projection20,state,return_brier,0.16309946398867844,1.569571019242666,0.16570024704511202,3772,3772,1328
np028,720,primary,41,43,event41_timing43,weather_projection20,state,multiclass_brier,0.7131122607449443,-5.097048394567927,0.6785273912428947,3772,3772,1328
np028,720,primary,41,43,event41_timing43,weather_projection20,downward_timing,conditional_rps,0.1675880985596943,-1.0788338128664865,0.16579939858621692,3772,1328,1328
np028,720,primary,41,43,event41_timing43,weather_projection20,downward_timing,conditional_median_mae_minutes,56.306475903614455,-1.8386108273748647,55.289909638554214,3772,1328,1328
np028,720,primary,41,43,event41_timing43,noise20,state,return_brier,0.1795332415580615,-8.348203916185737,0.16570024704511202,3772,3772,1328
np028,720,primary,41,43,event41_timing43,noise20,state,multiclass_brier,0.8129142217156804,-19.805660347273847,0.6785273912428947,3772,3772,1328
np028,720,primary,41,43,event41_timing43,noise20,downward_timing,conditional_rps,0.163723038574699,1.2523326557413283,0.16579939858621692,3772,1328,1328
np028,720,primary,41,43,event41_timing43,noise20,downward_timing,conditional_median_mae_minutes,54.73644578313253,1.0010214504596493,55.289909638554214,3772,1328,1328
np028,720,primary,41,43,event41_timing43,power_weather_summary40,state,return_brier,0.16770134279227933,-1.2076600867242604,0.16570024704511202,3772,3772,1328
np028,720,primary,41,43,event41_timing43,power_weather_summary40,state,multiclass_brier,0.7053974501113606,-3.96005514519413,0.6785273912428947,3772,3772,1328
np028,720,primary,41,43,event41_timing43,power_weather_summary40,downward_timing,conditional_rps,0.16271527555447876,1.8601533286831562,0.16579939858621692,3772,1328,1328
np028,720,primary,41,43,event41_timing43,power_weather_summary40,downward_timing,conditional_median_mae_minutes,54.38629518072289,1.6343207354443279,55.289909638554214,3772,1328,1328
np028,720,primary,41,43,event41_timing43,power_weather_projection40,state,return_brier,0.16602201377232098,-0.1941860274483176,0.16570024704511202,3772,3772,1328
np028,720,primary,41,43,event41_timing43,power_weather_projection40,state,multiclass_brier,0.724801451662422,-6.819777803629212,0.6785273912428947,3772,3772,1328
np028,720,primary,41,43,event41_timing43,power_weather_projection40,downward_timing,conditional_rps,0.16439988855066093,0.844098378817848,0.16579939858621692,3772,1328,1328
np028,720,primary,41,43,event41_timing43,power_weather_projection40,downward_timing,conditional_median_mae_minutes,54.623493975903614,1.2053115423901861,55.289909638554214,3772,1328,1328
np028,720,primary,41,43,event41_timing43,power_noise40,state,return_brier,0.17803066892909294,-7.441402233168648,0.16570024704511202,3772,3772,1328
np028,720,primary,41,43,event41_timing43,power_noise40,state,multiclass_brier,0.776922345252981,-14.501250101318819,0.6785273912428947,3772,3772,1328
np028,720,primary,41,43,event41_timing43,power_noise40,downward_timing,conditional_rps,0.16286350892370827,1.7707480772205408,0.16579939858621692,3772,1328,1328
np028,720,primary,41,43,event41_timing43,power_noise40,downward_timing,conditional_median_mae_minutes,54.36370481927711,1.6751787538304308,55.289909638554214,3772,1328,1328
